2023-07-12,10:53:27.569794,CTS,-44,2412000,a4:83:7a:b1:05:8c:
2023-07-12,10:53:43.039165,CTS,-44,2412000,a4:83:7a:b1:05:8c:
2023-07-12,10:53:57.798117,FPT TELECOM,-48,5260000,b8:3a:5a:e5:27:92:
2023-07-12,10:53:57.798117,AX1800,-50,2442000,e8:81:75:18:44:64:
2023-07-12,10:53:57.798117,FPT TELECOM,-48,5260000,b8:3a:5a:e5:27:92:
2023-07-12,10:53:57.798117,HaleMalie_2G,-65,2462000,38:17:c3:26:36:e0:
2023-07-12,10:53:57.798117,HaleMalie_2G,-69,2437000,b0:b8:67:3b:da:20:
2023-07-12,10:53:57.798117,PHONG DAO TAO 2.4,-72,2462000,cc:d1:83:27:95:08:
2023-07-12,10:54:03.456140,FPT TELECOM,-77,5260000,b8:3a:5a:e4:e2:12:
2023-07-12,10:54:03.456140,FPT TELECOM,-52,5260000,b8:3a:5a:e5:27:92:
2023-07-12,10:54:03.456140,FPT TELECOM,-59,5500000,b8:3a:5a:e5:83:d2:
2023-07-12,10:54:03.456140,FPT TELECOM,-42,2412000,b8:3a:5a:e5:27:82:
2023-07-12,10:54:03.456140,CTS-5GHZ.,-30,5180000,a4:85:7a:b1:05:8c:
2023-07-12,10:54:03.456140,CTS,-44,2412000,a4:83:7a:b1:05:8c:
2023-07-12,10:54:03.456140,FPT TELECOM,-77,5260000,b8:3a:5a:e4:e2:12:
2023-07-12,10:54:03.456140,FPT TELECOM,-52,5260000,b8:3a:5a:e5:27:92:
2023-07-12,10:54:03.456140,FPT TELECOM,-59,5500000,b8:3a:5a:e5:83:d2:
2023-07-12,10:54:03.456140,FPT TELECOM,-42,2412000,b8:3a:5a:e5:27:82:
2023-07-12,10:54:03.456140,HaleMalie_5G,-80,5260000,b0:b8:67:3b:da:31:
2023-07-12,10:54:03.456140,HaleMalie_5G,-89,5580000,80:8d:b7:72:5b:f1:
2023-07-12,10:54:03.456140,Halie_Livestream,-79,5260000,b0:b8:67:3b:da:32:
2023-07-12,10:54:03.456140,Cat Tuong Pro Max Plus,-77,5300000,d4:9a:a0:6d:28:39:
2023-07-12,10:54:03.456140,Gein Academy 5G,-90,5520000,96:28:6f:91:a9:70:
2023-07-12,10:54:03.456140,Gein Academy 2.4G,-90,5520000,94:28:6f:b1:a9:70:
2023-07-12,10:54:03.456140,AX1800,-60,5580000,e8:81:75:18:44:65:
2023-07-12,10:54:03.456140,AX1800,-50,2442000,e8:81:75:18:44:64:
2023-07-12,10:54:03.456140,WCCVL-NH,-79,5785000,7a:45:58:80:f7:6f:
2023-07-12,10:54:03.456140,CTS,-44,2412000,a4:83:7a:b1:05:8c:
2023-07-12,10:54:03.456140,WUVL-VN3,-84,5200000,74:83:c2:12:9b:d7:
2023-07-12,10:54:03.456140,CTS-5GHZ.,-30,5180000,a4:85:7a:b1:05:8c:
2023-07-12,10:54:03.456140,HaleMalie_2G,-65,2462000,38:17:c3:26:36:e0:
2023-07-12,10:54:03.456140,HaleMalie_2G,-69,2437000,b0:b8:67:3b:da:20:
2023-07-12,10:54:03.456140,PHONG DAO TAO 2.4,-72,2462000,cc:d1:83:27:95:08:
2023-07-12,16:11:01.008822,FPT TELECOM,-81,5745000,b8:3a:5a:e4:e7:f2:
2023-07-12,16:11:01.008822,FPT TELECOM,-44,2412000,b8:3a:5a:e5:27:82:
2023-07-12,16:11:01.008822,FPT TELECOM,-52,5260000,b8:3a:5a:e5:27:92:
2023-07-12,16:11:01.008822,FPT TELECOM,-53,2462000,b8:3a:5a:e5:83:c2:
2023-07-12,16:11:01.008822,CTS-5GHZ.,-28,5180000,a4:85:7a:b1:05:8c:
2023-07-12,16:11:01.008822,CTS,-41,2412000,a4:83:7a:b1:05:8c:
2023-07-12,16:11:01.008822,ThatSon1,-84,5825000,06:0d:9e:17:8f:b1:
2023-07-12,16:11:01.008822,WCCVL-NH,-78,5785000,7a:45:58:80:f7:6f:
2023-07-12,16:11:01.008822,GIAU MONG TOI,-77,5745000,68:ff:7b:d8:47:4c:
2023-07-12,16:11:01.008822,FPT TELECOM,-81,5745000,b8:3a:5a:e4:e7:f2:
2023-07-12,16:11:01.008822,FPT TELECOM,-44,2412000,b8:3a:5a:e5:27:82:
2023-07-12,16:11:01.008822,FPT TELECOM,-52,5260000,b8:3a:5a:e5:27:92:
2023-07-12,16:11:01.008822,FPT TELECOM,-53,2462000,b8:3a:5a:e5:83:c2:
2023-07-12,16:11:01.008822,AX1800,-56,2442000,e8:81:75:18:44:64:
2023-07-12,16:11:01.008822,CTS,-41,2412000,a4:83:7a:b1:05:8c:
2023-07-12,16:11:01.008822,POP COFFEE,-85,5220000,c2:74:ad:39:97:dd:
2023-07-12,16:11:01.008822,WUVL-VN3,-87,5200000,74:83:c2:12:9b:d7:
2023-07-12,16:11:01.008822,PHONG DAO TAO 5G,-83,5200000,cc:d3:83:27:95:08:
2023-07-12,16:11:01.008822,P.KHACH 5.0,-87,5180000,e4:c3:2a:21:6e:ff:
2023-07-12,16:11:01.008822,CTS-5GHZ.,-28,5180000,a4:85:7a:b1:05:8c:
2023-07-12,16:11:01.008822,TuNH18,-72,2472000,86:d4:29:cd:db:c5:
2023-07-12,16:11:01.008822,HaleMalie_2G,-60,2437000,b0:b8:67:3b:da:20:
2023-07-12,16:11:01.008822,Cat Tuong,-57,2437000,d4:9a:a0:6d:28:38:
2023-07-12,16:11:17.278221,CTS,-43,2412000,a4:83:7a:b1:05:8c:
2023-07-12,16:11:17.278221,CTS,-43,2412000,a4:83:7a:b1:05:8c:
2023-07-12,16:11:27.447884,CTS,-42,2412000,a4:83:7a:b1:05:8c:
2023-07-12,16:11:27.447884,CTS,-42,2412000,a4:83:7a:b1:05:8c:
2023-07-12,16:11:35.407117,FPT TELECOM,-53,5260000,b8:3a:5a:e5:27:92:
2023-07-12,16:11:35.407117,FPT TELECOM,-53,5260000,b8:3a:5a:e5:27:92:
2023-07-12,16:11:42.190497,CTS,-42,2412000,a4:83:7a:b1:05:8c:
2023-07-12,16:11:42.190497,CTS,-42,2412000,a4:83:7a:b1:05:8c:
2023-07-12,16:11:50.529060,FPT TELECOM,-53,5260000,b8:3a:5a:e5:27:92:
2023-07-12,16:11:50.529060,CTS,-43,2412000,a4:83:7a:b1:05:8c:
2023-07-12,16:11:50.529060,CTS,-43,2412000,a4:83:7a:b1:05:8c:
2023-07-12,16:11:50.529060,FPT TELECOM,-53,5260000,b8:3a:5a:e5:27:92:
2023-07-12,16:28:37.545528,FPT TELECOM,-52,2412000,b8:3a:5a:e4:e2:02:
2023-07-12,16:28:37.545528,FPT TELECOM,-49,2412000,b8:3a:5a:e5:27:82:
2023-07-12,16:28:37.545528,CTS,-40,2412000,a4:83:7a:b1:05:8c:
2023-07-12,16:28:37.545528,HoangAnh,-85,2412000,04:18:d6:a9:3d:a3:
2023-07-12,16:28:37.545528,CTS,-40,2412000,a4:83:7a:b1:05:8c:
2023-07-12,16:28:37.545528,FPT TELECOM,-52,2412000,b8:3a:5a:e4:e2:02:
2023-07-12,16:28:37.545528,FPT TELECOM,-49,2412000,b8:3a:5a:e5:27:82:
2023-07-12,16:28:52.529816,CTS,-40,2412000,a4:83:7a:b1:05:8c:
2023-07-12,16:28:52.529816,CTS,-40,2412000,a4:83:7a:b1:05:8c:
2023-07-12,23:38:25.927775,C23.11,-37,2412000,30:4f:75:12:f9:68:
2023-07-12,23:38:25.927775,C23.11,-46,5805000,30:4f:75:12:f9:69:
2023-07-12,23:38:25.927775,C23.11,-37,2412000,30:4f:75:12:f9:68:
2023-07-12,23:38:25.927775,C23.11,-46,5805000,30:4f:75:12:f9:69:
2023-07-12,23:38:29.030182,C23.11,-46,5805000,30:4f:75:12:f9:69:
2023-07-12,23:38:29.030182,C23.11,-37,2412000,30:4f:75:12:f9:68:
2023-07-12,23:38:29.030182,C23.11,-46,5805000,30:4f:75:12:f9:69:
2023-07-12,23:38:29.030182,C23.11,-37,2412000,30:4f:75:12:f9:68:
2023-07-12,23:38:29.030182,Thao@ 2.4G,-71,2462000,58:9b:4a:37:0a:2d:
2023-07-12,23:38:29.030182,To Nhi 2.4G,-67,2457000,24:0b:2a:58:4c:f1:
2023-07-12,23:38:29.030182,Ngo Gia 2.4G,-84,2427000,c0:94:ad:9b:9c:93:
2023-07-12,23:38:29.030182,D23.06,-88,2422000,24:0b:2a:48:89:71:
2023-07-12,23:38:29.030182,Sansan,-86,2442000,a0:09:2e:12:f2:86:
2023-07-12,23:38:29.030182,Gia han,-89,2437000,34:b7:a3:37:ca:10:
2023-07-12,23:46:39.294551,C23.11,-38,2412000,30:4f:75:12:f9:68:
2023-07-12,23:46:39.294551,C23.11,-45,5805000,30:4f:75:12:f9:69:
2023-07-12,23:46:39.294551,C23.11,-38,2412000,30:4f:75:12:f9:68:
2023-07-12,23:46:39.294551,C23.11,-45,5805000,30:4f:75:12:f9:69:
2023-07-12,23:47:42.288201,C23.11,-37,2412000,30:4f:75:12:f9:68:
2023-07-12,23:47:42.288201,C23.11,-45,5805000,30:4f:75:12:f9:69:
2023-07-12,23:47:42.288201,C23.11,-37,2412000,30:4f:75:12:f9:68:
2023-07-12,23:47:42.288201,C23.11,-45,5805000,30:4f:75:12:f9:69:
2023-07-12,23:48:35.113081,C23.11,-49,5805000,30:4f:75:12:f9:69:
2023-07-12,23:48:35.113081,C23.11,-40,2412000,30:4f:75:12:f9:68:
2023-07-12,23:48:35.113081,C23.11,-49,5805000,30:4f:75:12:f9:69:
2023-07-12,23:48:35.113081,C23.11,-40,2412000,30:4f:75:12:f9:68:
2023-07-12,23:48:35.113081,Thao@ 2.4G,-70,2462000,58:9b:4a:37:0a:2d:
2023-07-12,23:48:35.113081,To Nhi 2.4G,-67,2457000,24:0b:2a:58:4c:f1:
2023-07-12,23:48:35.113081,Ngo Gia 2.4G,-91,2427000,c0:94:ad:9b:9c:93:
2023-07-12,23:48:35.113081,Dieu Van Trinh,-89,2442000,50:42:89:45:e0:94:
2023-07-12,23:48:35.113081,C24.09 2.4G,-88,2437000,58:9b:4a:39:fe:cd:
2023-07-12,23:49:53.084735,C23.11,-39,2412000,30:4f:75:12:f9:68:
2023-07-12,23:49:53.084735,C23.11,-51,5805000,30:4f:75:12:f9:69:
2023-07-12,23:49:53.084735,C23.11,-39,2412000,30:4f:75:12:f9:68:
2023-07-12,23:49:53.084735,C23.11,-51,5805000,30:4f:75:12:f9:69:
2023-07-12,23:49:55.101409,C23.11,-51,5805000,30:4f:75:12:f9:69:
2023-07-12,23:49:55.101409,C23.11,-39,2412000,30:4f:75:12:f9:68:
2023-07-12,23:49:55.101409,C23.11,-51,5805000,30:4f:75:12:f9:69:
2023-07-12,23:49:55.101409,C23.11,-39,2412000,30:4f:75:12:f9:68:
2023-07-12,23:49:55.101409,Thao@ 2.4G,-71,2462000,58:9b:4a:37:0a:2d:
2023-07-12,23:49:55.101409,To Nhi 2.4G,-79,2457000,24:0b:2a:58:4c:f1:
2023-07-12,23:49:55.101409,Thuy Linh,-79,2437000,58:9b:4a:39:d6:d5:
2023-07-13,00:20:13.559592,C23.11,-34,2412000,30:4f:75:12:f9:68:
2023-07-13,00:20:13.559592,C23.11,-41,5805000,30:4f:75:12:f9:69:
2023-07-13,00:20:13.559592,C23.11,-34,2412000,30:4f:75:12:f9:68:
2023-07-13,00:20:13.559592,C23.11,-41,5805000,30:4f:75:12:f9:69:
2023-07-13,00:20:16.058532,C23.11,-41,5805000,30:4f:75:12:f9:69:
2023-07-13,00:20:16.058532,C23.11,-34,2412000,30:4f:75:12:f9:68:
2023-07-13,00:20:16.058532,C23.11,-41,5805000,30:4f:75:12:f9:69:
2023-07-13,00:20:16.058532,C23.11,-34,2412000,30:4f:75:12:f9:68:
2023-07-13,00:20:16.058532,Thao@ 2.4G,-77,2462000,58:9b:4a:37:0a:2d:
2023-07-13,00:20:16.058532,To Nhi 2.4G,-72,2457000,24:0b:2a:58:4c:f1:
2023-07-13,00:20:16.058532,My An,-90,2447000,e8:6e:44:34:db:ae:
2023-07-13,00:20:16.058532,Thuy Linh,-78,2437000,58:9b:4a:39:d6:d5:
2023-07-13,00:20:16.058532,Sansan,-87,2432000,50:42:89:4f:fa:e8:
2023-07-13,00:20:30.455775,C23.11,-35,2412000,30:4f:75:12:f9:68:
2023-07-13,00:20:30.455775,C23.11,-41,5805000,30:4f:75:12:f9:69:
2023-07-13,00:20:30.455775,C23.11,-35,2412000,30:4f:75:12:f9:68:
2023-07-13,00:20:30.455775,C23.11,-41,5805000,30:4f:75:12:f9:69:
2023-07-13,00:35:35.497448,C23.11,-47,2412000,30:4f:75:12:f9:68:
2023-07-13,00:35:35.497448,C23.11,-47,5805000,30:4f:75:12:f9:69:
2023-07-13,00:35:35.497448,C23.11,-47,2412000,30:4f:75:12:f9:68:
2023-07-13,00:35:35.497448,C23.11,-47,5805000,30:4f:75:12:f9:69:
2023-07-13,00:35:36.762998,C23.11,-47,5805000,30:4f:75:12:f9:69:
2023-07-13,00:35:36.762998,C23.11,-47,2412000,30:4f:75:12:f9:68:
2023-07-13,00:35:36.762998,Thao@ 2.4G,-67,2462000,58:9b:4a:37:0a:2d:
2023-07-13,00:35:36.762998,To Nhi 2.4G,-71,2457000,24:0b:2a:58:4c:f1:
2023-07-13,00:35:36.762998,C23.11,-47,5805000,30:4f:75:12:f9:69:
2023-07-13,00:35:36.762998,C23.11,-47,2412000,30:4f:75:12:f9:68:
2023-07-13,00:35:36.762998,Sansan,-88,2442000,a0:09:2e:12:f2:86:
2023-07-13,00:35:49.799570,C23.11,-47,2412000,30:4f:75:12:f9:68:
2023-07-13,00:35:49.799570,C23.11,-47,5805000,30:4f:75:12:f9:69:
2023-07-13,00:35:49.799570,C23.11,-47,2412000,30:4f:75:12:f9:68:
2023-07-13,00:35:49.799570,C23.11,-47,5805000,30:4f:75:12:f9:69:
2023-07-13,00:36:47.535117,C23.11,-50,2412000,30:4f:75:12:f9:68:
2023-07-13,00:36:47.535117,C23.11,-47,5805000,30:4f:75:12:f9:69:
2023-07-13,00:36:47.535117,C23.11,-50,2412000,30:4f:75:12:f9:68:
2023-07-13,00:36:47.535117,C23.11,-47,5805000,30:4f:75:12:f9:69:
2023-07-13,00:37:29.913848,C23.11,-48,2412000,30:4f:75:12:f9:68:
2023-07-13,00:37:29.913848,C23.11,-47,5805000,30:4f:75:12:f9:69:
2023-07-13,00:37:29.913848,C23.11,-48,2412000,30:4f:75:12:f9:68:
2023-07-13,00:37:29.913848,C23.11,-47,5805000,30:4f:75:12:f9:69:
2023-07-13,09:49:19.615352,FPT TELECOM,-49,2412000,b8:3a:5a:e5:27:82:
2023-07-13,09:49:19.615352,FPT TELECOM,-66,2412000,b8:3a:5a:e4:e2:02:
2023-07-13,09:49:19.615352,FPT TELECOM,-49,5260000,b8:3a:5a:e5:27:92:
2023-07-13,09:49:19.615352,CTS,-45,2412000,a4:83:7a:b1:05:8c:
2023-07-13,09:49:19.615352,HoangAnh,-83,2412000,04:18:d6:a9:3d:a3:
2023-07-13,09:49:19.615352,FPT TELECOM,-49,2412000,b8:3a:5a:e5:27:82:
2023-07-13,09:49:19.615352,FPT TELECOM,-66,2412000,b8:3a:5a:e4:e2:02:
2023-07-13,09:49:19.615352,FPT TELECOM,-49,5260000,b8:3a:5a:e5:27:92:
2023-07-13,09:49:19.615352,CTS,-45,2412000,a4:83:7a:b1:05:8c:
2023-07-13,09:49:22.308373,FPT TELECOM,-49,5260000,b8:3a:5a:e5:27:92:
2023-07-13,09:49:22.308373,FPT TELECOM,-77,5745000,b8:3a:5a:e4:e7:f2:
2023-07-13,09:49:22.308373,FPT TELECOM,-51,2462000,b8:3a:5a:e5:83:c2:
2023-07-13,09:49:22.308373,FPT TELECOM,-49,2412000,b8:3a:5a:e5:27:82:
2023-07-13,09:49:22.308373,FPT TELECOM,-66,2412000,b8:3a:5a:e4:e2:02:
2023-07-13,09:49:22.308373,CTS-5GHZ.,-32,5180000,a4:85:7a:b1:05:8c:
2023-07-13,09:49:22.308373,CTS,-45,2412000,a4:83:7a:b1:05:8c:
2023-07-13,09:49:22.308373,FPT TELECOM,-49,5260000,b8:3a:5a:e5:27:92:
2023-07-13,09:49:22.308373,FPT TELECOM,-77,5745000,b8:3a:5a:e4:e7:f2:
2023-07-13,09:49:22.308373,FPT TELECOM,-51,2462000,b8:3a:5a:e5:83:c2:
2023-07-13,09:49:22.308373,FPT TELECOM,-49,2412000,b8:3a:5a:e5:27:82:
2023-07-13,09:49:22.308373,FPT TELECOM,-66,2412000,b8:3a:5a:e4:e2:02:
2023-07-13,09:49:22.308373,ThatSon1,-85,5825000,06:0d:9e:17:8f:b1:
2023-07-13,09:49:22.308373,WCCVL-NH,-77,5785000,7a:45:58:80:f7:6f:
2023-07-13,09:49:22.308373,WCCVL-NH,-74,2437000,78:45:58:80:f7:70:
2023-07-13,09:49:22.308373,AX1800,-54,2442000,e8:81:75:18:44:64:
2023-07-13,09:49:22.308373,Cat Tuong,-60,2437000,d4:9a:a0:6d:28:38:
2023-07-13,09:49:22.308373,WUVL-VN3,-81,5200000,74:83:c2:12:9b:d7:
2023-07-13,09:49:22.308373,CTS-5GHZ.,-32,5180000,a4:85:7a:b1:05:8c:
2023-07-13,09:49:22.308373,MERCURY_2.4G_E045,-73,2462000,5c:de:34:7a:e0:45:
2023-07-13,09:49:22.308373,HaleMalie_2G,-68,2437000,b0:b8:67:3b:da:20:
2023-07-13,09:49:22.308373,HoangAnh,-83,2412000,04:18:d6:a9:3d:a3:
2023-07-13,09:49:22.308373,CTS,-45,2412000,a4:83:7a:b1:05:8c:
2023-07-13,09:49:28.612079,FPT TELECOM,-51,2412000,b8:3a:5a:e5:27:82:
2023-07-13,09:49:28.612079,FPT TELECOM,-48,5260000,b8:3a:5a:e5:27:92:
2023-07-13,09:49:28.612079,CTS,-46,2412000,a4:83:7a:b1:05:8c:
2023-07-13,09:49:28.612079,FPT TELECOM,-51,2412000,b8:3a:5a:e5:27:82:
2023-07-13,09:49:28.612079,FPT TELECOM,-48,5260000,b8:3a:5a:e5:27:92:
2023-07-13,09:49:28.612079,CTS,-46,2412000,a4:83:7a:b1:05:8c:
2023-07-13,09:49:28.612079,TuNH18,-69,2412000,86:d4:29:cd:db:c5:
2023-07-13,10:13:11.273200,FPT TELECOM,-53,2412000,b8:3a:5a:e5:27:82:
2023-07-13,10:13:11.273200,FPT TELECOM,-48,5260000,b8:3a:5a:e5:27:92:
2023-07-13,10:13:11.273200,CTS,-48,2412000,a4:83:7a:b1:05:8c:
2023-07-13,10:13:11.273200,FPT TELECOM,-53,2412000,b8:3a:5a:e5:27:82:
2023-07-13,10:13:11.273200,FPT TELECOM,-48,5260000,b8:3a:5a:e5:27:92:
2023-07-13,10:13:11.273200,CTS,-48,2412000,a4:83:7a:b1:05:8c:
2023-07-13,10:13:52.865908,FPT TELECOM,-55,2412000,b8:3a:5a:e5:27:82:
2023-07-13,10:13:52.865908,FPT TELECOM,-49,5260000,b8:3a:5a:e5:27:92:
2023-07-13,10:13:52.865908,CTS,-50,2412000,a4:83:7a:b1:05:8c:
2023-07-13,10:13:52.865908,TuNH18,-67,2412000,86:d4:29:cd:db:c5:
2023-07-13,10:13:52.865908,CTS,-50,2412000,a4:83:7a:b1:05:8c:
2023-07-13,10:13:52.865908,FPT TELECOM,-55,2412000,b8:3a:5a:e5:27:82:
2023-07-13,10:13:52.865908,FPT TELECOM,-49,5260000,b8:3a:5a:e5:27:92:
2023-07-13,10:15:29.281778,FPT TELECOM,-48,5260000,b8:3a:5a:e5:27:92:
2023-07-13,10:15:29.281778,CTS,-49,2412000,a4:83:7a:b1:05:8c:
2023-07-13,10:15:29.281778,CTS,-49,2412000,a4:83:7a:b1:05:8c:
2023-07-13,10:15:29.281778,FPT TELECOM,-48,5260000,b8:3a:5a:e5:27:92:
2023-07-13,10:15:30.250539,FPT TELECOM,-51,5260000,b8:3a:5a:e5:27:92:
2023-07-13,10:15:30.250539,FPT TELECOM,-53,2412000,b8:3a:5a:e5:27:82:
2023-07-13,10:15:30.250539,FPT TELECOM,-46,2462000,b8:3a:5a:e5:83:c2:
2023-07-13,10:15:30.250539,CTS-5GHZ.,-34,5180000,a4:85:7a:b1:05:8c:
2023-07-13,10:15:30.250539,CTS,-49,2412000,a4:83:7a:b1:05:8c:
2023-07-13,10:15:30.250539,FPT TELECOM,-51,5260000,b8:3a:5a:e5:27:92:
2023-07-13,10:15:30.250539,FPT TELECOM,-53,2412000,b8:3a:5a:e5:27:82:
2023-07-13,10:15:30.250539,FPT TELECOM,-46,2462000,b8:3a:5a:e5:83:c2:
2023-07-13,10:15:30.250539,CTS,-49,2412000,a4:83:7a:b1:05:8c:
2023-07-13,10:15:30.250539,WUVL-VN3,-79,5200000,74:83:c2:12:9b:d7:
2023-07-13,10:15:30.250539,CTS-5GHZ.,-34,5180000,a4:85:7a:b1:05:8c:
2023-07-13,10:15:30.250539,AX1800,-58,2442000,e8:81:75:18:44:64:
2023-07-13,10:15:30.250539,HaleMalie_2G,-72,2462000,38:17:c3:26:36:e0:
2023-07-13,10:15:30.250539,HaleMalie_2G,-63,2437000,b0:b8:67:3b:da:20:
2023-07-13,10:15:30.250539,Cat Tuong,-61,2437000,d4:9a:a0:6d:28:38:
2023-07-13,10:16:56.644425,FPT TELECOM,-62,2412000,b8:3a:5a:e4:e2:02:
2023-07-13,10:16:56.644425,FPT TELECOM,-49,5260000,b8:3a:5a:e5:27:92:
2023-07-13,10:16:56.644425,TuNH18,-67,2412000,86:d4:29:cd:db:c5:
2023-07-13,10:16:56.644425,FPT TELECOM,-62,2412000,b8:3a:5a:e4:e2:02:
2023-07-13,10:16:56.644425,FPT TELECOM,-49,5260000,b8:3a:5a:e5:27:92:
2023-07-13,10:18:23.159409,FPT TELECOM,-49,5260000,b8:3a:5a:e5:27:92:
2023-07-13,10:18:23.159409,CTS,-48,2412000,a4:83:7a:b1:05:8c:
2023-07-13,10:18:23.159409,CTS,-48,2412000,a4:83:7a:b1:05:8c:
2023-07-13,10:18:23.159409,FPT TELECOM,-49,5260000,b8:3a:5a:e5:27:92:
2023-07-13,10:18:25.726799,FPT TELECOM,-49,5260000,b8:3a:5a:e5:27:92:
2023-07-13,10:18:25.726799,FPT TELECOM,-77,5745000,b8:3a:5a:e4:e7:f2:
2023-07-13,10:18:25.726799,FPT TELECOM,-47,2462000,b8:3a:5a:e5:83:c2:
2023-07-13,10:18:25.726799,FPT TELECOM,-53,2412000,b8:3a:5a:e5:27:82:
2023-07-13,10:18:25.726799,CTS-5GHZ.,-29,5180000,a4:85:7a:b1:05:8c:
2023-07-13,10:18:25.726799,CTS,-48,2412000,a4:83:7a:b1:05:8c:
2023-07-13,10:18:25.726799,FPT TELECOM,-49,5260000,b8:3a:5a:e5:27:92:
2023-07-13,10:18:25.726799,FPT TELECOM,-77,5745000,b8:3a:5a:e4:e7:f2:
2023-07-13,10:18:25.726799,FPT TELECOM,-47,2462000,b8:3a:5a:e5:83:c2:
2023-07-13,10:18:25.726799,FPT TELECOM,-53,2412000,b8:3a:5a:e5:27:82:
2023-07-13,10:18:25.726799,WCCVL-NH,-75,5785000,7a:45:58:80:f7:6f:
2023-07-13,10:18:25.726799,WCCVL-NH,-68,2437000,78:45:58:80:f7:70:
2023-07-13,10:18:25.726799,BE GROUP L4,-90,5745000,40:ee:15:ab:2c:c4:
2023-07-13,10:18:25.726799,AX1800,-57,2442000,e8:81:75:18:44:64:
2023-07-13,10:18:25.726799,GIAU MONG TOI,-69,2427000,68:ff:7b:d8:47:4a:
2023-07-13,10:18:25.726799,CTS,-48,2412000,a4:83:7a:b1:05:8c:
2023-07-13,10:18:25.726799,WUVL-VN3,-82,5200000,74:83:c2:12:9b:d7:
2023-07-13,10:18:25.726799,CTS-5GHZ.,-29,5180000,a4:85:7a:b1:05:8c:
2023-07-13,10:18:25.726799,HaleMalie_2G,-81,2462000,38:17:c3:28:dd:80:
2023-07-13,10:18:25.726799,HaleMalie_2G,-62,2437000,b0:b8:67:3b:da:20:
2023-07-13,10:18:25.726799,Cat Tuong,-56,2437000,d4:9a:a0:6d:28:38:
2023-07-13,10:24:19.991327,FPT TELECOM,-57,2412000,b8:3a:5a:e4:e2:02:
2023-07-13,10:24:19.991327,FPT TELECOM,-49,5260000,b8:3a:5a:e5:27:92:
2023-07-13,10:24:19.991327,CTS,-48,2412000,a4:83:7a:b1:05:8c:
2023-07-13,10:24:19.991327,FPT TELECOM,-57,2412000,b8:3a:5a:e4:e2:02:
2023-07-13,10:24:19.991327,FPT TELECOM,-49,5260000,b8:3a:5a:e5:27:92:
2023-07-13,10:24:19.991327,CTS,-48,2412000,a4:83:7a:b1:05:8c:
2023-07-13,10:24:19.991327,TuNH18,-72,2412000,86:d4:29:cd:db:c5:
2023-07-13,10:24:22.902088,FPT TELECOM,-50,5260000,b8:3a:5a:e5:27:92:
2023-07-13,10:24:22.902088,FPT TELECOM,-77,5745000,b8:3a:5a:e4:e7:f2:
2023-07-13,10:24:22.902088,FPT TELECOM,-49,2462000,b8:3a:5a:e5:83:c2:
2023-07-13,10:24:22.902088,FPT TELECOM,-57,2412000,b8:3a:5a:e4:e2:02:
2023-07-13,10:24:22.902088,CTS-5GHZ.,-29,5180000,a4:85:7a:b1:05:8c:
2023-07-13,10:24:22.902088,CTS,-48,2412000,a4:83:7a:b1:05:8c:
2023-07-13,10:24:22.902088,FPT TELECOM,-50,5260000,b8:3a:5a:e5:27:92:
2023-07-13,10:24:22.902088,FPT TELECOM,-77,5745000,b8:3a:5a:e4:e7:f2:
2023-07-13,10:24:22.902088,FPT TELECOM,-49,2462000,b8:3a:5a:e5:83:c2:
2023-07-13,10:24:22.902088,FPT TELECOM,-57,2412000,b8:3a:5a:e4:e2:02:
2023-07-13,10:24:22.902088,ThatSon1,-85,5825000,06:0d:9e:17:8f:b1:
2023-07-13,10:24:22.902088,HaleLiveF1-5G,-86,5805000,76:83:c2:cb:ad:02:
2023-07-13,10:24:22.902088,WCCVL-NH,-74,5785000,7a:45:58:80:f7:6f:
2023-07-13,10:24:22.902088,WCCVL-NH,-67,2437000,78:45:58:80:f7:70:
2023-07-13,10:24:22.902088,PHONG DAO TAO 5G,-84,5765000,cc:d3:83:27:95:08:
2023-07-13,10:24:22.902088,BE GROUP L4,-91,5745000,40:ee:15:ab:2c:c4:
2023-07-13,10:24:22.902088,AX1800,-60,2442000,e8:81:75:18:44:64:
2023-07-13,10:24:22.902088,WUVL-VN3,-84,5200000,74:83:c2:12:9b:d7:
2023-07-13,10:24:22.902088,CTS-5GHZ.,-29,5180000,a4:85:7a:b1:05:8c:
2023-07-13,10:24:22.902088,HaleMalie_2G,-61,2462000,38:17:c3:26:36:e0:
2023-07-13,10:24:22.902088,CTS,-48,2412000,a4:83:7a:b1:05:8c:
2023-07-13,10:24:22.902088,TuNH18,-72,2412000,86:d4:29:cd:db:c5:
2023-07-13,10:26:02.915309,FPT TELECOM,-47,5260000,b8:3a:5a:e5:27:92:
2023-07-13,10:26:02.915309,CTS,-49,2412000,a4:83:7a:b1:05:8c:
2023-07-13,10:26:02.915309,HoangAnh,-80,2412000,04:18:d6:a9:3d:a3:
2023-07-13,10:26:02.915309,CTS,-49,2412000,a4:83:7a:b1:05:8c:
2023-07-13,10:26:02.915309,HaleMalie_2G,-79,2412000,38:17:c3:28:38:e0:
2023-07-13,10:26:02.915309,FPT TELECOM,-47,5260000,b8:3a:5a:e5:27:92:
2023-07-13,10:26:10.944279,FPT TELECOM,-52,2412000,b8:3a:5a:e5:27:82:
2023-07-13,10:26:10.944279,FPT TELECOM,-50,5260000,b8:3a:5a:e5:27:92:
2023-07-13,10:26:10.944279,CTS,-48,2412000,a4:83:7a:b1:05:8c:
2023-07-13,10:26:10.944279,FPT TELECOM,-52,2412000,b8:3a:5a:e5:27:82:
2023-07-13,10:26:10.944279,FPT TELECOM,-50,5260000,b8:3a:5a:e5:27:92:
2023-07-13,10:26:10.944279,CTS,-48,2412000,a4:83:7a:b1:05:8c:
2023-07-13,10:26:10.944279,TuNH18,-66,2412000,86:d4:29:cd:db:c5:
2023-07-13,10:29:23.802728,FPT TELECOM,-47,5260000,b8:3a:5a:e5:27:92:
2023-07-13,10:29:23.802728,CTS,-49,2412000,a4:83:7a:b1:05:8c:
2023-07-13,10:29:23.802728,CTS,-49,2412000,a4:83:7a:b1:05:8c:
2023-07-13,10:29:23.802728,FPT TELECOM,-47,5260000,b8:3a:5a:e5:27:92:
2023-07-13,10:29:24.657241,FPT TELECOM,-57,2412000,b8:3a:5a:e4:e2:02:
2023-07-13,10:29:24.657241,FPT TELECOM,-48,5260000,b8:3a:5a:e5:27:92:
2023-07-13,10:29:24.657241,CTS-5GHZ.,-29,5180000,a4:85:7a:b1:05:8c:
2023-07-13,10:29:24.657241,CTS,-49,2412000,a4:83:7a:b1:05:8c:
2023-07-13,10:29:24.657241,FPT TELECOM,-57,2412000,b8:3a:5a:e4:e2:02:
2023-07-13,10:29:24.657241,FPT TELECOM,-48,5260000,b8:3a:5a:e5:27:92:
2023-07-13,10:29:24.657241,WUVL-VN3,-80,5200000,74:83:c2:12:9b:d7:
2023-07-13,10:29:24.657241,CTS-5GHZ.,-29,5180000,a4:85:7a:b1:05:8c:
2023-07-13,10:29:24.657241,AX1800,-59,2442000,e8:81:75:18:44:64:
2023-07-13,10:29:24.657241,HaleMalie_2G,-63,2437000,b0:b8:67:3b:da:20:
2023-07-13,10:29:24.657241,CTS,-49,2412000,a4:83:7a:b1:05:8c:
2023-07-13,10:29:25.310082,FPT TELECOM,-86,5745000,b8:3a:5a:e4:e7:f2:
2023-07-13,10:29:25.310082,FPT TELECOM,-49,5260000,b8:3a:5a:e5:27:92:
2023-07-13,10:29:25.310082,FPT TELECOM,-57,2412000,b8:3a:5a:e4:e2:02:
2023-07-13,10:29:25.310082,CTS-5GHZ.,-29,5180000,a4:85:7a:b1:05:8c:
2023-07-13,10:29:25.310082,CTS,-49,2412000,a4:83:7a:b1:05:8c:
2023-07-13,10:29:25.310082,FPT TELECOM,-86,5745000,b8:3a:5a:e4:e7:f2:
2023-07-13,10:29:25.310082,FPT TELECOM,-49,5260000,b8:3a:5a:e5:27:92:
2023-07-13,10:29:25.310082,FPT TELECOM,-57,2412000,b8:3a:5a:e4:e2:02:
2023-07-13,10:29:25.310082,AX1800,-59,2442000,e8:81:75:18:44:64:
2023-07-13,10:29:25.310082,WUVL-VN3,-80,5200000,74:83:c2:12:9b:d7:
2023-07-13,10:29:25.310082,CTS-5GHZ.,-29,5180000,a4:85:7a:b1:05:8c:
2023-07-13,10:29:25.310082,HaleMalie_2G,-63,2437000,b0:b8:67:3b:da:20:
2023-07-13,10:29:25.310082,CTS,-49,2412000,a4:83:7a:b1:05:8c:
2023-07-13,10:29:27.723870,FPT TELECOM,-47,5260000,b8:3a:5a:e5:27:92:
2023-07-13,10:29:27.723870,FPT TELECOM,-61,5500000,b8:3a:5a:e5:83:d2:
2023-07-13,10:29:27.723870,FPT TELECOM,-78,5260000,b8:3a:5a:e4:e2:12:
2023-07-13,10:29:27.723870,FPT TELECOM,-86,5745000,b8:3a:5a:e4:e7:f2:
2023-07-13,10:29:27.723870,FPT TELECOM,-57,2412000,b8:3a:5a:e4:e2:02:
2023-07-13,10:29:27.723870,CTS-5GHZ.,-29,5180000,a4:85:7a:b1:05:8c:
2023-07-13,10:29:27.723870,CTS,-49,2412000,a4:83:7a:b1:05:8c:
2023-07-13,10:29:27.723870,FPT TELECOM,-47,5260000,b8:3a:5a:e5:27:92:
2023-07-13,10:29:27.723870,FPT TELECOM,-61,5500000,b8:3a:5a:e5:83:d2:
2023-07-13,10:29:27.723870,FPT TELECOM,-78,5260000,b8:3a:5a:e4:e2:12:
2023-07-13,10:29:27.723870,FPT TELECOM,-86,5745000,b8:3a:5a:e4:e7:f2:
2023-07-13,10:29:27.723870,FPT TELECOM,-57,2412000,b8:3a:5a:e4:e2:02:
2023-07-13,10:29:27.723870,Halie_Livestream,-76,5260000,b0:b8:67:3b:da:32:
2023-07-13,10:29:27.723870,HaleMalie_5G,-76,5260000,b0:b8:67:3b:da:31:
2023-07-13,10:29:27.723870,HaleLiveF1-5G,-89,5805000,76:83:c2:cb:ad:02:
2023-07-13,10:29:27.723870,WCCVL-NH,-78,5785000,7a:45:58:80:f7:6f:
2023-07-13,10:29:27.723870,AX1800,-59,2442000,e8:81:75:18:44:64:
2023-07-13,10:29:27.723870,WUVL-VN3,-80,5200000,74:83:c2:12:9b:d7:
2023-07-13,10:29:27.723870,CTS-5GHZ.,-29,5180000,a4:85:7a:b1:05:8c:
2023-07-13,10:29:27.723870,HaleMalie_2G,-63,2437000,b0:b8:67:3b:da:20:
2023-07-13,10:29:27.723870,CTS,-49,2412000,a4:83:7a:b1:05:8c:
2023-07-14,17:43:11.897464,C23.11,-38,2412000,30:4f:75:12:f9:68:
2023-07-14,17:43:11.897464,C23.11,-38,2412000,30:4f:75:12:f9:68:
2023-07-14,17:51:53.860331,C23.11,-42,2412000,30:4f:75:12:f9:68:
2023-07-14,17:51:53.860331,C23.11,-42,2412000,30:4f:75:12:f9:68:
2023-07-14,17:52:42.442187,C23.11,-41,2412000,30:4f:75:12:f9:68:
2023-07-14,17:52:42.442187,C23.11,-41,2412000,30:4f:75:12:f9:68:
2023-07-14,17:53:43.338755,C23.11,-39,2412000,30:4f:75:12:f9:68:
2023-07-14,17:53:43.338755,C23.11,-39,2412000,30:4f:75:12:f9:68:
2023-07-14,17:54:00.224756,C23.11,-40,2412000,30:4f:75:12:f9:68:
2023-07-14,17:54:00.224756,C23.11,-40,2412000,30:4f:75:12:f9:68:
2023-07-14,17:55:43.735910,C23.11,-39,2412000,30:4f:75:12:f9:68:
2023-07-14,17:55:43.735910,C23.11,-39,2412000,30:4f:75:12:f9:68:
2023-07-14,21:36:56.527698,C23.11,-48,2412000,30:4f:75:12:f9:68:
2023-07-14,21:36:56.527698,C23.11,-48,2412000,30:4f:75:12:f9:68:
2023-07-14,21:37:21.037486,C23.11,-47,2412000,30:4f:75:12:f9:68:
2023-07-14,21:37:21.037486,C23.11,-47,2412000,30:4f:75:12:f9:68:
2023-07-14,21:37:51.882050,C23.11,-45,2412000,30:4f:75:12:f9:68:
2023-07-14,21:37:51.882050,C23.11,-45,2412000,30:4f:75:12:f9:68:
2023-07-14,21:38:55.677624,C23.11,-44,2412000,30:4f:75:12:f9:68:
2023-07-14,21:38:55.677624,C23.11,-44,2412000,30:4f:75:12:f9:68:
2023-07-14,21:45:22.553511,C23.11,-46,2412000,30:4f:75:12:f9:68:
2023-07-14,21:45:22.553511,C23.11,-46,2412000,30:4f:75:12:f9:68:
2023-07-14,21:45:44.610936,C23.11,-50,2412000,30:4f:75:12:f9:68:
2023-07-14,21:45:44.610936,C23.11,-50,2412000,30:4f:75:12:f9:68:
2023-07-14,21:57:29.136783,C23.11,-50,2412000,30:4f:75:12:f9:68:
2023-07-14,21:57:29.136783,C23.11,-50,2412000,30:4f:75:12:f9:68:
2023-07-14,21:59:46.694130,C23.11,-50,2412000,30:4f:75:12:f9:68:
2023-07-14,21:59:46.694130,C23.11,-50,2412000,30:4f:75:12:f9:68:
2023-07-14,22:01:03.407610,C23.11,-51,2412000,30:4f:75:12:f9:68:
2023-07-14,22:01:03.407610,C23.11,-51,2412000,30:4f:75:12:f9:68:
2023-07-14,22:01:18.741747,C23.11,-55,2412000,30:4f:75:12:f9:68:
2023-07-14,22:01:18.741747,C23.11,-55,2412000,30:4f:75:12:f9:68:
2023-07-15,13:01:14.968936,C23.11,-46,5765000,30:4f:75:12:f9:69:
2023-07-15,13:01:14.968936,C23.11,-42,2442000,30:4f:75:12:f9:68:
2023-07-15,13:01:14.968936,C23.11,-46,5765000,30:4f:75:12:f9:69:
2023-07-15,13:01:23.691148,C23.11,-46,5765000,30:4f:75:12:f9:69:
2023-07-15,13:01:23.691148,C23.11,-46,5765000,30:4f:75:12:f9:69:
2023-07-17,10:00:04.110777,BMDT,-71,2412000,08:aa:89:58:22:0c:
2023-07-17,10:00:04.110777,BMDT,-39,2427000,08:aa:89:58:21:04:
2023-07-17,10:00:04.110777,OpenWrt,-61,2412000,00:27:19:d0:4e:e0:
2023-07-17,10:00:04.110777,CuongNe,-43,2412000,92:24:d2:27:39:0f:
2023-07-17,10:00:04.110777,BMDT,-71,2412000,08:aa:89:58:22:0c:
2023-07-17,10:00:04.110777,BMDT,-39,2427000,08:aa:89:58:21:04:
2023-07-17,10:00:07.822961,BMDT,-36,2427000,08:aa:89:58:21:04:
2023-07-17,10:00:07.822961,BMDT,-44,2422000,e4:47:b3:cb:10:c2:
2023-07-17,10:00:07.822961,BMDT,-55,2437000,08:aa:89:58:20:ec:
2023-07-17,10:00:07.822961,BMDT,-71,2412000,08:aa:89:58:22:0c:
2023-07-17,10:00:07.822961,HCMUT02,-88,5745000,7e:83:c2:42:04:7b:
2023-07-17,10:00:07.822961,HCMUT02,-56,2462000,06:ec:da:8a:e7:cb:
2023-07-17,10:00:07.822961,BMDT,-36,2427000,08:aa:89:58:21:04:
2023-07-17,10:00:07.822961,BMDT,-44,2422000,e4:47:b3:cb:10:c2:
2023-07-17,10:00:07.822961,BMDT,-55,2437000,08:aa:89:58:20:ec:
2023-07-17,10:00:07.822961,BMDT,-71,2412000,08:aa:89:58:22:0c:
2023-07-17,10:00:07.822961,BMDT 5.0Ghz,-56,5260000,e4:47:b3:cb:10:c4:
2023-07-17,10:00:07.822961,BMDT 5.0Ghz,-83,5260000,08:aa:89:58:22:0d:
2023-07-17,10:00:07.822961,BMDT 5.0Ghz,-64,5260000,08:aa:89:58:20:ed:
2023-07-17,10:00:07.822961,BMDT 5.0Ghz,-40,5260000,08:aa:89:58:21:05:
2023-07-17,10:00:07.822961,HCMUT-MEETING,-91,5745000,82:83:c2:42:04:7b:
2023-07-17,10:00:07.822961,HCMUT02,-88,5745000,7e:83:c2:42:04:7b:
2023-07-17,10:00:07.822961,HCMUT02,-56,2462000,06:ec:da:8a:e7:cb:
2023-07-17,10:00:07.822961,HCMUT01,-88,5745000,7a:83:c2:42:04:7b:
2023-07-17,10:00:07.822961,HCMUT01,-55,2462000,02:ec:da:8a:e7:cb:
2023-07-17,10:00:07.822961,PTT-CSV-DHBK,-80,5745000,e0:63:da:b2:5d:ce:
2023-07-17,10:00:07.822961,TP-Link_1570,-48,2462000,1c:3b:f3:33:15:6f:
2023-07-17,10:00:07.822961,OPPO A9 2020,-71,2462000,56:d4:5a:36:5f:ee:
2023-07-17,10:00:07.822961,OpenWrt,-61,2412000,00:27:19:d0:4e:e0:
2023-07-17,10:00:07.822961,PTN-Robot,-56,2462000,18:a6:f7:fd:14:9c:
2023-07-17,10:00:07.822961,BMTD_109B3,-71,2462000,3c:7c:3f:70:0d:a4:
2023-07-17,10:00:07.822961,CuongNe,-43,2412000,92:24:d2:27:39:0f:
2023-07-17,10:00:47.874085,BMDT,-70,2412000,08:aa:89:58:22:0c:
2023-07-17,10:00:47.874085,OpenWrt,-62,2412000,00:27:19:d0:4e:e0:
2023-07-17,10:00:47.874085,BMDT,-70,2412000,08:aa:89:58:22:0c:
2023-07-17,10:00:47.874085,CuongNe,-45,2412000,92:24:d2:27:39:0f:
2023-07-17,10:04:27.937523,BMDT,-69,2412000,08:aa:89:58:22:0c:
2023-07-17,10:04:27.937523,BMDT,-38,2427000,08:aa:89:58:21:04:
2023-07-17,10:04:27.937523,BMDT,-69,2412000,08:aa:89:58:22:0c:
2023-07-17,10:04:27.937523,BMDT,-38,2427000,08:aa:89:58:21:04:
2023-07-17,10:04:27.937523,OpenWrt,-62,2412000,00:27:19:d0:4e:e0:
2023-07-17,10:04:27.937523,CuongNe,-43,2412000,92:24:d2:27:39:0f:
2023-07-17,10:04:28.294102,BMDT,-56,2437000,08:aa:89:58:20:ec:
2023-07-17,10:04:28.294102,BMDT,-38,2427000,08:aa:89:58:21:04:
2023-07-17,10:04:28.294102,BMDT,-69,2412000,08:aa:89:58:22:0c:
2023-07-17,10:04:28.294102,BMDT,-56,2437000,08:aa:89:58:20:ec:
2023-07-17,10:04:28.294102,BMDT,-38,2427000,08:aa:89:58:21:04:
2023-07-17,10:04:28.294102,BMDT,-69,2412000,08:aa:89:58:22:0c:
2023-07-17,10:04:28.294102,HCMUT01,-57,2462000,02:ec:da:8a:e7:cb:
2023-07-17,10:04:28.294102,OPPO A9 2020,-70,2462000,56:d4:5a:36:5f:ee:
2023-07-17,10:04:28.294102,BMTD_109B3,-72,2462000,3c:7c:3f:70:0d:a4:
2023-07-17,10:04:28.294102,TP-Link_1570,-47,2462000,1c:3b:f3:33:15:6f:
2023-07-17,10:04:28.294102,OpenWrt,-62,2412000,00:27:19:d0:4e:e0:
2023-07-17,10:04:28.294102,CuongNe,-43,2412000,92:24:d2:27:39:0f:
2023-07-17,10:04:32.205914,BMDT,-37,2427000,08:aa:89:58:21:04:
2023-07-17,10:04:32.205914,BMDT,-56,2437000,08:aa:89:58:20:ec:
2023-07-17,10:04:32.205914,BMDT,-50,2422000,e4:47:b3:cb:10:c2:
2023-07-17,10:04:32.205914,BMDT,-69,2412000,08:aa:89:58:22:0c:
2023-07-17,10:04:32.205914,HCMUT02,-89,5745000,7e:83:c2:42:04:7b:
2023-07-17,10:04:32.205914,HCMUT02,-56,2462000,06:ec:da:8a:e7:cb:
2023-07-17,10:04:32.205914,BMDT,-37,2427000,08:aa:89:58:21:04:
2023-07-17,10:04:32.205914,BMDT,-56,2437000,08:aa:89:58:20:ec:
2023-07-17,10:04:32.205914,BMDT,-50,2422000,e4:47:b3:cb:10:c2:
2023-07-17,10:04:32.205914,BMDT,-69,2412000,08:aa:89:58:22:0c:
2023-07-17,10:04:32.205914,BMDT 5.0Ghz,-60,5260000,e4:47:b3:cb:10:c4:
2023-07-17,10:04:32.205914,BMDT 5.0Ghz,-83,5260000,08:aa:89:58:22:0d:
2023-07-17,10:04:32.205914,BMDT 5.0Ghz,-41,5260000,08:aa:89:58:21:05:
2023-07-17,10:04:32.205914,BMDT 5.0Ghz,-68,5260000,08:aa:89:58:20:ed:
2023-07-17,10:04:32.205914,PTT-CSV-DHBK,-80,5745000,e0:63:da:b2:5d:ce:
2023-07-17,10:04:32.205914,PTT-CSV-DHBK,-75,2437000,e0:63:da:b1:5d:ce:
2023-07-17,10:04:32.205914,HCMUT-MEETING,-89,5745000,82:83:c2:42:04:7b:
2023-07-17,10:04:32.205914,HCMUT02,-89,5745000,7e:83:c2:42:04:7b:
2023-07-17,10:04:32.205914,HCMUT02,-56,2462000,06:ec:da:8a:e7:cb:
2023-07-17,10:04:32.205914,HCMUT01,-90,5745000,7a:83:c2:42:04:7b:
2023-07-17,10:04:32.205914,HCMUT01,-57,2462000,02:ec:da:8a:e7:cb:
2023-07-17,10:04:32.205914,TP-Link_1570,-47,2462000,1c:3b:f3:33:15:6f:
2023-07-17,10:04:32.205914,OpenWrt,-62,2412000,00:27:19:d0:4e:e0:
2023-07-17,10:04:32.205914,OPPO A9 2020,-70,2462000,56:d4:5a:36:5f:ee:
2023-07-17,10:04:32.205914,BMTD_109B3,-72,2462000,3c:7c:3f:70:0d:a4:
2023-07-17,10:04:32.205914,CuongNe,-43,2412000,92:24:d2:27:39:0f:
2023-07-17,10:04:36.650289,BMDT,-70,2412000,08:aa:89:58:22:0c:
2023-07-17,10:04:36.650289,BMDT,-39,2427000,08:aa:89:58:21:04:
2023-07-17,10:04:36.650289,OpenWrt,-63,2412000,00:27:19:d0:4e:e0:
2023-07-17,10:04:36.650289,BMDT,-70,2412000,08:aa:89:58:22:0c:
2023-07-17,10:04:36.650289,BMDT,-39,2427000,08:aa:89:58:21:04:
2023-07-17,10:04:36.650289,CuongNe,-43,2412000,92:24:d2:27:39:0f:
2023-07-17,10:04:38.964964,BMDT,-38,2427000,08:aa:89:58:21:04:
2023-07-17,10:04:38.964964,BMDT,-51,2422000,e4:47:b3:cb:10:c2:
2023-07-17,10:04:38.964964,BMDT,-58,2437000,08:aa:89:58:20:ec:
2023-07-17,10:04:38.964964,BMDT,-70,2412000,08:aa:89:58:22:0c:
2023-07-17,10:04:38.964964,BMDT,-38,2427000,08:aa:89:58:21:04:
2023-07-17,10:04:38.964964,BMDT,-51,2422000,e4:47:b3:cb:10:c2:
2023-07-17,10:04:38.964964,BMDT,-58,2437000,08:aa:89:58:20:ec:
2023-07-17,10:04:38.964964,BMDT,-70,2412000,08:aa:89:58:22:0c:
2023-07-17,10:04:38.964964,PTT-CSV-DHBK,-79,5745000,e0:63:da:b2:5d:ce:
2023-07-17,10:04:38.964964,PTT-CSV-DHBK,-79,2437000,e0:63:da:b1:5d:ce:
2023-07-17,10:04:38.964964,BMTD_109B3,-70,2462000,3c:7c:3f:70:0d:a4:
2023-07-17,10:04:38.964964,TP-Link_1570,-47,2462000,1c:3b:f3:33:15:6f:
2023-07-17,10:04:38.964964,PTN-Robot,-57,2462000,18:a6:f7:fd:14:9c:
2023-07-17,10:04:38.964964,HCMUT01,-57,2462000,02:ec:da:8a:e7:cb:
2023-07-17,10:04:38.964964,OpenWrt,-63,2412000,00:27:19:d0:4e:e0:
2023-07-17,10:04:38.964964,OPPO A9 2020,-67,2462000,56:d4:5a:36:5f:ee:
2023-07-17,10:04:38.964964,CuongNe,-43,2412000,92:24:d2:27:39:0f:
2023-07-17,10:04:43.480007,BMDT,-69,2412000,08:aa:89:58:22:0c:
2023-07-17,10:04:43.480007,BMDT,-37,2427000,08:aa:89:58:21:04:
2023-07-17,10:04:43.480007,BMDT,-69,2412000,08:aa:89:58:22:0c:
2023-07-17,10:04:43.480007,BMDT,-37,2427000,08:aa:89:58:21:04:
2023-07-17,10:04:43.480007,OpenWrt,-60,2412000,00:27:19:d0:4e:e0:
2023-07-17,10:04:43.480007,CuongNe,-43,2412000,92:24:d2:27:39:0f:
2023-07-17,10:07:53.522122,BMDT,-71,2412000,08:aa:89:58:22:0c:
2023-07-17,10:07:53.522122,BMDT,-37,2427000,08:aa:89:58:21:04:
2023-07-17,10:07:53.522122,BMDT,-71,2412000,08:aa:89:58:22:0c:
2023-07-17,10:07:53.522122,BMDT,-37,2427000,08:aa:89:58:21:04:
2023-07-17,10:07:53.522122,CuongNe,-44,2412000,92:24:d2:27:39:0f:
2023-07-17,10:07:55.884445,BMDT,-36,2427000,08:aa:89:58:21:04:
2023-07-17,10:07:55.884445,BMDT,-59,2437000,08:aa:89:58:20:ec:
2023-07-17,10:07:55.884445,BMDT,-46,2422000,e4:47:b3:cb:10:c2:
2023-07-17,10:07:55.884445,BMDT,-71,2412000,08:aa:89:58:22:0c:
2023-07-17,10:07:55.884445,HCMUT02,-55,2462000,06:ec:da:8a:e7:cb:
2023-07-17,10:07:55.884445,BMDT,-36,2427000,08:aa:89:58:21:04:
2023-07-17,10:07:55.884445,BMDT,-59,2437000,08:aa:89:58:20:ec:
2023-07-17,10:07:55.884445,BMDT,-46,2422000,e4:47:b3:cb:10:c2:
2023-07-17,10:07:55.884445,BMDT,-71,2412000,08:aa:89:58:22:0c:
2023-07-17,10:07:55.884445,PTT-CSV-DHBK,-80,5745000,e0:63:da:b2:5d:ce:
2023-07-17,10:07:55.884445,TP-Link_1570,-48,2462000,1c:3b:f3:33:15:6f:
2023-07-17,10:07:55.884445,PTN-Robot,-52,2462000,18:a6:f7:fd:14:9c:
2023-07-17,10:07:55.884445,HCMUT02,-55,2462000,06:ec:da:8a:e7:cb:
2023-07-17,10:07:55.884445,HCMUT01,-56,2462000,02:ec:da:8a:e7:cb:
2023-07-17,10:07:55.884445,BMTD_109B3,-76,2462000,3c:7c:3f:70:0d:a4:
2023-07-17,10:07:55.884445,OpenWrt,-65,2412000,00:27:19:d0:4e:e0:
2023-07-17,10:07:55.884445,DIRECT-E4DESKTOP-RG99SPLmsAD,-73,2462000,02:bb:60:b2:4d:14:
2023-07-17,10:07:55.884445,CuongNe,-44,2412000,92:24:d2:27:39:0f:
2023-07-17,10:09:43.705182,BMDT,-54,2437000,08:aa:89:58:20:ec:
2023-07-17,10:09:43.705182,HCMUT02,-55,2462000,06:ec:da:8a:e7:cb:
2023-07-17,10:09:43.705182,TP-Link_1570,-45,2462000,1c:3b:f3:33:15:6f:
2023-07-17,10:09:43.705182,HCMUT02,-55,2462000,06:ec:da:8a:e7:cb:
2023-07-17,10:09:43.705182,HCMUT01,-56,2462000,02:ec:da:8a:e7:cb:
2023-07-17,10:09:43.705182,PTN-Robot,-55,2462000,18:a6:f7:fd:14:9c:
2023-07-17,10:09:43.705182,BMDT,-54,2437000,08:aa:89:58:20:ec:
2023-07-17,10:09:43.705182,CuongNe,-43,2412000,92:24:d2:27:39:0f:
2023-07-17,10:14:08.615525,BMDT,-37,2427000,08:aa:89:58:21:04:
2023-07-17,10:14:08.615525,BMDT,-53,2422000,e4:47:b3:cb:10:c2:
2023-07-17,10:14:08.615525,BMDT,-69,2412000,08:aa:89:58:22:0c:
2023-07-17,10:14:08.615525,OPPO A9 2020,-63,2412000,56:d4:5a:36:5f:ee:
2023-07-17,10:14:08.615525,CuongNe,-42,2412000,92:24:d2:27:39:0f:
2023-07-17,10:14:08.615525,BMDT,-37,2427000,08:aa:89:58:21:04:
2023-07-17,10:14:08.615525,BMDT,-53,2422000,e4:47:b3:cb:10:c2:
2023-07-17,10:14:08.615525,BMDT,-69,2412000,08:aa:89:58:22:0c:
2023-07-17,10:15:43.321737,BMDT,-68,2412000,08:aa:89:58:22:0c:
2023-07-17,10:15:43.321737,BMDT,-35,2427000,08:aa:89:58:21:04:
2023-07-17,10:15:43.321737,CuongNe,-42,2412000,92:24:d2:27:39:0f:
2023-07-17,10:15:43.321737,BMDT,-68,2412000,08:aa:89:58:22:0c:
2023-07-17,10:15:43.321737,BMDT,-35,2427000,08:aa:89:58:21:04:
2023-07-17,10:15:43.321737,OpenWrt,-62,2412000,00:27:19:d0:4e:e0:
2023-07-17,10:15:43.321737,OPPO A9 2020,-81,2412000,56:d4:5a:36:5f:ee:
2023-07-17,10:15:47.816851,BMDT,-34,2427000,08:aa:89:58:21:04:
2023-07-17,10:15:47.816851,BMDT,-53,2437000,08:aa:89:58:20:ec:
2023-07-17,10:15:47.816851,BMDT,-48,2422000,e4:47:b3:cb:10:c2:
2023-07-17,10:15:47.816851,BMDT,-68,2412000,08:aa:89:58:22:0c:
2023-07-17,10:15:47.816851,HCMUT02,-56,2462000,06:ec:da:8a:e7:cb:
2023-07-17,10:15:47.816851,BMDT,-34,2427000,08:aa:89:58:21:04:
2023-07-17,10:15:47.816851,BMDT,-53,2437000,08:aa:89:58:20:ec:
2023-07-17,10:15:47.816851,BMDT,-48,2422000,e4:47:b3:cb:10:c2:
2023-07-17,10:15:47.816851,BMDT,-68,2412000,08:aa:89:58:22:0c:
2023-07-17,10:15:47.816851,PTT-CSV-DHBK,-80,5745000,e0:63:da:b2:5d:ce:
2023-07-17,10:15:47.816851,TP-Link_1570,-47,2462000,1c:3b:f3:33:15:6f:
2023-07-17,10:15:47.816851,HCMUT02,-56,2462000,06:ec:da:8a:e7:cb:
2023-07-17,10:15:47.816851,HCMUT01,-54,2462000,02:ec:da:8a:e7:cb:
2023-07-17,10:15:47.816851,PTN-Robot,-58,2462000,18:a6:f7:fd:14:9c:
2023-07-17,10:15:47.816851,OpenWrt,-62,2412000,00:27:19:d0:4e:e0:
2023-07-17,10:15:47.816851,BMTD_109B3,-66,2462000,3c:7c:3f:70:0d:a4:
2023-07-17,10:16:00.458623,BMDT,-55,2437000,08:aa:89:58:20:ec:
2023-07-17,10:16:00.458623,BMDT,-69,2412000,08:aa:89:58:22:0c:
2023-07-17,10:16:00.458623,HCMUT02,-54,2462000,06:ec:da:8a:e7:cb:
2023-07-17,10:16:00.458623,HCMUT02,-54,2462000,06:ec:da:8a:e7:cb:
2023-07-17,10:16:00.458623,HCMUT01,-56,2462000,02:ec:da:8a:e7:cb:
2023-07-17,10:16:00.458623,TP-Link_1570,-45,2462000,1c:3b:f3:33:15:6f:
2023-07-17,10:16:00.458623,BMTD_109B3,-68,2462000,3c:7c:3f:70:0d:a4:
2023-07-17,10:16:00.458623,PTT-CSV-DHBK,-74,2437000,e0:63:da:b1:5d:ce:
2023-07-17,10:16:00.458623,BMDT,-55,2437000,08:aa:89:58:20:ec:
2023-07-17,10:16:00.458623,BMDT,-69,2412000,08:aa:89:58:22:0c:
2023-07-17,10:16:00.458623,OPPO A9 2020,-77,2412000,56:d4:5a:36:5f:ee:
2023-07-17,10:16:00.458623,CuongNe,-42,2412000,92:24:d2:27:39:0f:
2023-07-17,10:16:00.458623,OpenWrt,-61,2412000,00:27:19:d0:4e:e0:
2023-07-17,10:16:02.348579,BMDT,-35,2427000,08:aa:89:58:21:04:
2023-07-17,10:16:02.348579,BMDT,-55,2437000,08:aa:89:58:20:ec:
2023-07-17,10:16:02.348579,BMDT,-48,2422000,e4:47:b3:cb:10:c2:
2023-07-17,10:16:02.348579,BMDT,-69,2412000,08:aa:89:58:22:0c:
2023-07-17,10:16:02.348579,HCMUT02,-54,2462000,06:ec:da:8a:e7:cb:
2023-07-17,10:16:02.348579,BMDT,-35,2427000,08:aa:89:58:21:04:
2023-07-17,10:16:02.348579,BMDT,-55,2437000,08:aa:89:58:20:ec:
2023-07-17,10:16:02.348579,BMDT,-48,2422000,e4:47:b3:cb:10:c2:
2023-07-17,10:16:02.348579,BMDT,-69,2412000,08:aa:89:58:22:0c:
2023-07-17,10:16:02.348579,PTT-CSV-DHBK,-80,5745000,e0:63:da:b2:5d:ce:
2023-07-17,10:16:02.348579,PTT-CSV-DHBK,-74,2437000,e0:63:da:b1:5d:ce:
2023-07-17,10:16:02.348579,HCMUT02,-54,2462000,06:ec:da:8a:e7:cb:
2023-07-17,10:16:02.348579,HCMUT01,-56,2462000,02:ec:da:8a:e7:cb:
2023-07-17,10:16:02.348579,PTN-Robot,-57,2462000,18:a6:f7:fd:14:9c:
2023-07-17,10:16:02.348579,TP-Link_1570,-45,2462000,1c:3b:f3:33:15:6f:
2023-07-17,10:16:02.348579,OpenWrt,-61,2412000,00:27:19:d0:4e:e0:
2023-07-17,10:16:02.348579,BMTD_109B3,-68,2462000,3c:7c:3f:70:0d:a4:
2023-07-17,10:16:02.348579,OPPO A9 2020,-77,2412000,56:d4:5a:36:5f:ee:
2023-07-17,10:16:02.348579,CuongNe,-42,2412000,92:24:d2:27:39:0f:
2023-07-17,10:33:58.441335,BMDT,-34,2427000,08:aa:89:58:21:04:
2023-07-17,10:33:58.441335,OpenWrt,-61,2412000,00:27:19:d0:4e:e0:
2023-07-17,10:33:58.441335,OPPO A9 2020,-68,2412000,56:d4:5a:36:5f:ee:
2023-07-17,10:33:58.441335,CuongNe,-43,2412000,92:24:d2:27:39:0f:
2023-07-17,10:33:58.441335,BMDT,-54,2437000,08:aa:89:58:20:ec:
2023-07-17,10:33:58.441335,BMDT,-34,2427000,08:aa:89:58:21:04:
2023-07-17,10:34:41.970413,BMDT,-56,2437000,08:aa:89:58:20:ec:
2023-07-17,10:34:41.970413,BMDT,-71,2412000,08:aa:89:58:22:0c:
2023-07-17,10:34:41.970413,BMDT,-38,2427000,08:aa:89:58:21:04:
2023-07-17,10:34:41.970413,HCMUT02,-58,2462000,06:ec:da:8a:e7:cb:
2023-07-17,10:34:41.970413,DIRECT-E4DESKTOP-RG99SPLmsAD,-74,2462000,02:bb:60:b2:4d:14:
2023-07-17,10:34:41.970413,HCMUT02,-58,2462000,06:ec:da:8a:e7:cb:
2023-07-17,10:34:41.970413,HCMUT01,-57,2462000,02:ec:da:8a:e7:cb:
2023-07-17,10:34:41.970413,TP-Link_1570,-48,2462000,1c:3b:f3:33:15:6f:
2023-07-17,10:34:41.970413,BMTD_109B3,-70,2462000,3c:7c:3f:70:0d:a4:
2023-07-17,10:34:41.970413,PTN-Robot,-60,2462000,18:a6:f7:fd:14:9c:
2023-07-17,10:34:41.970413,BMDT,-56,2437000,08:aa:89:58:20:ec:
2023-07-17,10:34:41.970413,BMDT,-71,2412000,08:aa:89:58:22:0c:
2023-07-17,10:34:41.970413,BMDT,-38,2427000,08:aa:89:58:21:04:
2023-07-17,10:34:41.970413,OPPO A9 2020,-70,2412000,56:d4:5a:36:5f:ee:
2023-07-17,10:34:41.970413,CuongNe,-46,2412000,92:24:d2:27:39:0f:
2023-07-17,10:34:41.970413,OpenWrt,-65,2412000,00:27:19:d0:4e:e0:
2023-07-17,13:06:07.868133,CTS-5GHZ.,-35,5220000,a4:85:7a:b1:05:8c:
2023-07-17,13:06:07.868133,WUVL-VN3,-68,2412000,74:83:c2:12:9b:d8:
2023-07-17,13:06:07.868133,CTS-5GHZ.,-35,5220000,a4:85:7a:b1:05:8c:
2023-07-17,13:10:32.528012,FPT TELECOM,-87,2462000,b8:3a:5a:e6:25:c2:
2023-07-17,13:10:32.528012,CTS-5GHZ.,-36,5220000,a4:85:7a:b1:05:8c:
2023-07-17,13:10:32.528012,CTS,-48,2462000,a4:83:7a:b1:05:8c:
2023-07-17,13:10:32.528012,CTS-5GHZ.,-36,5220000,a4:85:7a:b1:05:8c:
2023-07-17,13:10:32.528012,HaleLiveF1-2.4Ghz,-81,2462000,74:83:c2:ca:ad:02:
2023-07-17,13:10:32.528012,FPT TELECOM,-87,2462000,b8:3a:5a:e6:25:c2:
2023-07-17,13:10:32.528012,HaleMalie_2G,-70,2462000,38:17:c3:26:36:e0:
2023-07-17,13:10:32.528012,HaleMalie_2G,-65,2437000,b0:b8:67:3b:da:20:
2023-07-17,13:10:32.528012,CTS,-48,2462000,a4:83:7a:b1:05:8c:
2023-07-17,13:10:32.528012,PHONG DAO TAO 2.4,-74,2462000,cc:d1:83:27:95:08:
2023-07-17,13:10:32.528012,MERCURY_2.4G_E045,-84,2462000,5c:de:34:7a:e0:45:
2023-07-17,13:10:32.528012,WUVL-VN3,-66,2412000,74:83:c2:12:9b:d8:
2023-07-17,13:10:32.528012,OPEN,-78,2412000,5c:1a:6f:14:38:c4:
2023-07-17,13:10:32.528012,HoangAnh,-84,2412000,04:18:d6:a9:3d:a3:
2023-07-17,13:21:53.161652,FPT TELECOM,-75,2462000,b8:3a:5a:e4:e7:e2:
2023-07-17,13:21:53.161652,CTS-5GHZ.,-37,5220000,a4:85:7a:b1:05:8c:
2023-07-17,13:21:53.161652,CTS,-51,2462000,a4:83:7a:b1:05:8c:
2023-07-17,13:21:53.161652,FPT TELECOM,-75,2462000,b8:3a:5a:e4:e7:e2:
2023-07-17,13:21:53.161652,HaleMalie_2G,-72,2462000,38:17:c3:26:36:e0:
2023-07-17,13:21:53.161652,HaleMalie_2G,-80,2462000,38:17:c3:28:dd:80:
2023-07-17,13:21:53.161652,HaleLiveF1-2.4Ghz,-81,2462000,74:83:c2:ca:ad:02:
2023-07-17,13:21:53.161652,CTS,-51,2462000,a4:83:7a:b1:05:8c:
2023-07-17,13:21:53.161652,PHONG DAO TAO 2.4,-76,2462000,cc:d1:83:27:95:08:
2023-07-17,13:21:53.161652,CTS-5GHZ.,-37,5220000,a4:85:7a:b1:05:8c:
2023-07-17,13:22:07.834611,FPT TELECOM,-84,2462000,fc:7f:f1:5d:80:62:
2023-07-17,13:22:07.834611,FPT TELECOM,-82,2462000,f0:61:c0:92:7c:02:
2023-07-17,13:22:07.834611,FPT TELECOM,-51,2412000,b8:3a:5a:e5:27:82:
2023-07-17,13:22:07.834611,CTS-5GHZ.,-38,5220000,a4:85:7a:b1:05:8c:
2023-07-17,13:22:07.834611,CTS-5GHZ.,-38,5220000,a4:85:7a:b1:05:8c:
2023-07-17,13:22:07.834611,FPT TELECOM,-84,2462000,fc:7f:f1:5d:80:62:
2023-07-17,13:22:07.834611,FPT TELECOM,-82,2462000,f0:61:c0:92:7c:02:
2023-07-17,13:22:07.834611,FPT TELECOM,-51,2412000,b8:3a:5a:e5:27:82:
2023-07-17,13:22:07.834611,ThatSon1,-74,2462000,06:0d:9e:17:8f:b0:
2023-07-17,13:22:07.834611,HaleMalie_2G,-70,2462000,38:17:c3:26:36:e0:
2023-07-17,13:22:07.834611,HaleMalie_2G,-66,2437000,b0:b8:67:3b:da:20:
2023-07-17,13:22:07.834611,Cat Tuong,-74,2437000,d4:9a:a0:6d:28:38:
2023-07-17,13:22:07.834611,WCCVL-NH,-76,2437000,78:45:58:80:f7:70:
2023-07-17,13:22:07.834611,WUVL-VN3,-66,2412000,74:83:c2:12:9b:d8:
2023-07-17,13:22:10.179901,FPT TELECOM,-66,5745000,b8:3a:5a:e5:83:d2:
2023-07-17,13:22:10.179901,FPT TELECOM,-54,2462000,b8:3a:5a:e5:83:c2:
2023-07-17,13:22:10.179901,FPT TELECOM,-51,2412000,b8:3a:5a:e5:27:82:
2023-07-17,13:22:10.179901,FPT TELECOM,-62,2412000,b8:3a:5a:e4:e2:02:
2023-07-17,13:22:10.179901,FPT TELECOM,-75,5180000,b8:3a:5a:e4:e2:12:
2023-07-17,13:22:10.179901,FPT TELECOM,-84,2462000,fc:7f:f1:5d:80:62:
2023-07-17,13:22:10.179901,FPT TELECOM,-82,2462000,f0:61:c0:92:7c:02:
2023-07-17,13:22:10.179901,CTS-5GHZ.,-37,5220000,a4:85:7a:b1:05:8c:
2023-07-17,13:22:10.179901,CTS,-50,2462000,a4:83:7a:b1:05:8c:
2023-07-17,13:22:10.179901,CTS-5GHZ.,-37,5220000,a4:85:7a:b1:05:8c:
2023-07-17,13:22:10.179901,WCCVL-NH,-82,5785000,7a:45:58:80:f7:6f:
2023-07-17,13:22:10.179901,WCCVL-NH,-76,2437000,78:45:58:80:f7:70:
2023-07-17,13:22:10.179901,FPT TELECOM,-66,5745000,b8:3a:5a:e5:83:d2:
2023-07-17,13:22:10.179901,FPT TELECOM,-54,2462000,b8:3a:5a:e5:83:c2:
2023-07-17,13:22:10.179901,FPT TELECOM,-51,2412000,b8:3a:5a:e5:27:82:
2023-07-17,13:22:10.179901,FPT TELECOM,-62,2412000,b8:3a:5a:e4:e2:02:
2023-07-17,13:22:10.179901,FPT TELECOM,-75,5180000,b8:3a:5a:e4:e2:12:
2023-07-17,13:22:10.179901,FPT TELECOM,-84,2462000,fc:7f:f1:5d:80:62:
2023-07-17,13:22:10.179901,FPT TELECOM,-82,2462000,f0:61:c0:92:7c:02:
2023-07-17,13:22:10.179901,CTS,-50,2462000,a4:83:7a:b1:05:8c:
2023-07-17,13:22:10.179901,HaleMalie_2G,-66,2437000,b0:b8:67:3b:da:20:
2023-07-17,13:22:10.179901,HaleMalie_2G,-70,2462000,38:17:c3:26:36:e0:
2023-07-17,13:22:10.179901,AX1800,-62,2427000,e8:81:75:18:44:64:
2023-07-17,13:22:10.179901,GIAU MONG TOI,-76,2427000,68:ff:7b:d8:47:4a:
2023-07-17,13:22:10.179901,WUVL-VN3,-66,2412000,74:83:c2:12:9b:d8:
2023-07-17,13:22:10.179901,PHONG DAO TAO 5G,-85,5200000,cc:d3:83:27:95:08:
2023-07-17,13:22:10.179901,ThatSon1,-74,2462000,06:0d:9e:17:8f:b0:
2023-07-17,13:22:10.179901,Cat Tuong,-74,2437000,d4:9a:a0:6d:28:38:
2023-07-17,13:22:23.120900,FPT TELECOM,-58,2462000,b8:3a:5a:e5:83:c2:
2023-07-17,13:22:23.120900,FPT TELECOM,-85,2462000,b8:3a:5a:e6:25:c2:
2023-07-17,13:22:23.120900,FPT TELECOM,-52,2412000,b8:3a:5a:e5:27:82:
2023-07-17,13:22:23.120900,CTS,-51,2462000,a4:83:7a:b1:05:8c:
2023-07-17,13:22:23.120900,FPT TELECOM,-58,2462000,b8:3a:5a:e5:83:c2:
2023-07-17,13:22:23.120900,FPT TELECOM,-85,2462000,b8:3a:5a:e6:25:c2:
2023-07-17,13:22:23.120900,FPT TELECOM,-52,2412000,b8:3a:5a:e5:27:82:
2023-07-17,13:22:23.120900,CTS,-51,2462000,a4:83:7a:b1:05:8c:
2023-07-17,13:22:23.120900,Cat Tuong,-78,2437000,d4:9a:a0:6d:28:38:
2023-07-17,13:22:23.120900,HaleMalie_2G,-66,2437000,b0:b8:67:3b:da:20:
2023-07-17,13:22:23.120900,WUVL-VN3,-68,2412000,74:83:c2:12:9b:d8:
2023-07-17,13:23:27.392289,FPT TELECOM,-61,2412000,b8:3a:5a:e4:e2:02:
2023-07-17,13:23:27.392289,CTS-5GHZ.,-36,5220000,a4:85:7a:b1:05:8c:
2023-07-17,13:23:27.392289,FPT TELECOM,-61,2412000,b8:3a:5a:e4:e2:02:
2023-07-17,13:23:27.392289,OPEN,-84,2412000,5c:1a:6f:14:38:c4:
2023-07-17,13:23:27.392289,WUVL-VN3,-70,2412000,74:83:c2:12:9b:d8:
2023-07-17,13:23:27.392289,CTS-5GHZ.,-36,5220000,a4:85:7a:b1:05:8c:
2023-07-17,13:31:05.527474,CTS-5GHZ.,-35,5220000,a4:85:7a:b1:05:8c:
2023-07-17,13:31:05.527474,OPEN,-81,2412000,5c:1a:6f:14:38:c4:
2023-07-17,13:31:05.527474,HoangAnh,-86,2412000,04:18:d6:a9:3d:a3:
2023-07-17,13:31:05.527474,WUVL-VN3,-71,2412000,74:83:c2:12:9b:d8:
2023-07-17,13:31:05.527474,CTS-5GHZ.,-35,5220000,a4:85:7a:b1:05:8c:
2023-07-17,13:31:08.626058,FPT TELECOM,-56,5260000,b8:3a:5a:e5:27:92:
2023-07-17,13:31:08.626058,FPT TELECOM,-64,5745000,b8:3a:5a:e5:83:d2:
2023-07-17,13:31:08.626058,FPT TELECOM,-46,2412000,b8:3a:5a:e5:27:82:
2023-07-17,13:31:08.626058,FPT TELECOM,-64,2412000,b8:3a:5a:e4:e2:02:
2023-07-17,13:31:08.626058,FPT TELECOM,-74,5180000,b8:3a:5a:e4:e2:12:
2023-07-17,13:31:08.626058,CTS-5GHZ.,-36,5220000,a4:85:7a:b1:05:8c:
2023-07-17,13:31:08.626058,CTS,-45,2462000,a4:83:7a:b1:05:8c:
2023-07-17,13:31:08.626058,CTS-5GHZ.,-36,5220000,a4:85:7a:b1:05:8c:
2023-07-17,13:31:08.626058,Halie_Livestream,-80,5260000,b0:b8:67:3b:da:32:
2023-07-17,13:31:08.626058,FPT TELECOM,-56,5260000,b8:3a:5a:e5:27:92:
2023-07-17,13:31:08.626058,FPT TELECOM,-64,5745000,b8:3a:5a:e5:83:d2:
2023-07-17,13:31:08.626058,FPT TELECOM,-46,2412000,b8:3a:5a:e5:27:82:
2023-07-17,13:31:08.626058,FPT TELECOM,-64,2412000,b8:3a:5a:e4:e2:02:
2023-07-17,13:31:08.626058,FPT TELECOM,-74,5180000,b8:3a:5a:e4:e2:12:
2023-07-17,13:31:08.626058,HaleMalie_5G,-81,5260000,b0:b8:67:3b:da:31:
2023-07-17,13:31:08.626058,Cat Tuong Pro Max Plus,-79,5300000,d4:9a:a0:6d:28:39:
2023-07-17,13:31:08.626058,WUVL-VN3,-78,5785000,74:83:c2:12:9b:d7:
2023-07-17,13:31:08.626058,WUVL-VN3,-71,2412000,74:83:c2:12:9b:d8:
2023-07-17,13:31:08.626058,WCCVL-NH,-81,5785000,7a:45:58:80:f7:6f:
2023-07-17,13:31:08.626058,GIAU MONG TOI,-81,5745000,68:ff:7b:d8:47:4c:
2023-07-17,13:31:08.626058,AX1800,-64,2427000,e8:81:75:18:44:64:
2023-07-17,13:31:08.626058,HaleMalie_2G,-63,2437000,b0:b8:67:3b:da:20:
2023-07-17,13:31:08.626058,HaleMalie_2G,-78,2412000,38:17:c3:28:38:e0:
2023-07-17,13:31:08.626058,HaleMalie_2G,-69,2462000,38:17:c3:26:36:e0:
2023-07-17,13:31:08.626058,PHONG DAO TAO 5G,-89,5200000,cc:d3:83:27:95:08:
2023-07-17,13:31:08.626058,HaleMalie-Ham-Live2G,-76,2437000,80:2a:a8:41:f1:a7:
2023-07-17,13:31:08.626058,CTS,-45,2462000,a4:83:7a:b1:05:8c:
2023-07-17,13:31:08.626058,OPEN,-81,2412000,5c:1a:6f:14:38:c4:
2023-07-17,13:31:08.626058,HoangAnh,-86,2412000,04:18:d6:a9:3d:a3:
2023-07-17,13:35:41.704171,FPT TELECOM,-61,2412000,b8:3a:5a:e4:e2:02:
2023-07-17,13:35:41.704171,CTS-5GHZ.,-37,5220000,a4:85:7a:b1:05:8c:
2023-07-17,13:35:41.704171,PHONG DAO TAO 2.4,-74,2462000,cc:d1:83:27:95:08:
2023-07-17,13:35:41.704171,HaleMalie_2G,-71,2462000,38:17:c3:26:36:e0:
2023-07-17,13:35:41.704171,HaleMalie_2G,-63,2437000,b0:b8:67:3b:da:20:
2023-07-17,13:35:41.704171,HaleMalie_2G,-75,2412000,38:17:c3:28:38:e0:
2023-07-17,13:35:41.704171,ThatSon1,-74,2462000,06:0d:9e:17:8f:b0:
2023-07-17,13:35:41.704171,Cat Tuong,-65,2437000,d4:9a:a0:6d:28:38:
2023-07-17,13:35:41.704171,WCCVL-NH,-77,2437000,78:45:58:80:f7:70:
2023-07-17,13:35:41.704171,FPT TELECOM,-61,2412000,b8:3a:5a:e4:e2:02:
2023-07-17,13:35:41.704171,WUVL-VN3,-74,2412000,74:83:c2:12:9b:d8:
2023-07-17,13:35:41.704171,CTS-5GHZ.,-37,5220000,a4:85:7a:b1:05:8c:
2023-07-17,13:35:44.641046,FPT TELECOM,-53,5260000,b8:3a:5a:e5:27:92:
2023-07-17,13:35:44.641046,FPT TELECOM,-66,5745000,b8:3a:5a:e5:83:d2:
2023-07-17,13:35:44.641046,FPT TELECOM,-88,5745000,b8:3a:5a:e4:e7:f2:
2023-07-17,13:35:44.641046,FPT TELECOM,-49,2412000,b8:3a:5a:e5:27:82:
2023-07-17,13:35:44.641046,FPT TELECOM,-76,5180000,b8:3a:5a:e4:e2:12:
2023-07-17,13:35:44.641046,FPT TELECOM,-61,2412000,b8:3a:5a:e4:e2:02:
2023-07-17,13:35:44.641046,CTS-5GHZ.,-36,5220000,a4:85:7a:b1:05:8c:
2023-07-17,13:35:44.641046,FPT TELECOM,-53,5260000,b8:3a:5a:e5:27:92:
2023-07-17,13:35:44.641046,FPT TELECOM,-66,5745000,b8:3a:5a:e5:83:d2:
2023-07-17,13:35:44.641046,FPT TELECOM,-88,5745000,b8:3a:5a:e4:e7:f2:
2023-07-17,13:35:44.641046,FPT TELECOM,-49,2412000,b8:3a:5a:e5:27:82:
2023-07-17,13:35:44.641046,FPT TELECOM,-76,5180000,b8:3a:5a:e4:e2:12:
2023-07-17,13:35:44.641046,FPT TELECOM,-61,2412000,b8:3a:5a:e4:e2:02:
2023-07-17,13:35:44.641046,HaleMalie_5G,-79,5260000,b0:b8:67:3b:da:31:
2023-07-17,13:35:44.641046,Halie_Livestream,-79,5260000,b0:b8:67:3b:da:32:
2023-07-17,13:35:44.641046,CTS-5GHZ.,-36,5220000,a4:85:7a:b1:05:8c:
2023-07-17,13:35:44.641046,Cat Tuong Pro Max Plus,-79,5300000,d4:9a:a0:6d:28:39:
2023-07-17,13:35:44.641046,WCCVL-NH,-82,5785000,7a:45:58:80:f7:6f:
2023-07-17,13:35:44.641046,WCCVL-NH,-77,2437000,78:45:58:80:f7:70:
2023-07-17,13:35:44.641046,WUVL-VN3,-79,5785000,74:83:c2:12:9b:d7:
2023-07-17,13:35:44.641046,WUVL-VN3,-74,2412000,74:83:c2:12:9b:d8:
2023-07-17,13:35:44.641046,Cat Tuong,-65,2437000,d4:9a:a0:6d:28:38:
2023-07-17,13:35:44.641046,HaleMalie_2G,-63,2437000,b0:b8:67:3b:da:20:
2023-07-17,13:35:44.641046,HaleMalie_2G,-71,2462000,38:17:c3:26:36:e0:
2023-07-17,13:35:44.641046,HaleMalie_2G,-75,2412000,38:17:c3:28:38:e0:
2023-07-17,13:35:44.641046,AX1800,-62,2427000,e8:81:75:18:44:64:
2023-07-17,13:35:44.641046,HaleMalie-Ham-Live2G,-76,2437000,80:2a:a8:41:f1:a7:
2023-07-17,13:35:44.641046,PHONG DAO TAO 2.4,-74,2462000,cc:d1:83:27:95:08:
2023-07-17,13:35:44.641046,ThatSon1,-74,2462000,06:0d:9e:17:8f:b0:
2023-07-17,13:43:49.759356,CTS-5GHZ.,-34,5220000,a4:85:7a:b1:05:8c:
2023-07-17,13:43:49.759356,ThatSon2,-87,2412000,06:0d:9e:17:8e:40:
2023-07-17,13:43:49.759356,WUVL-VN3,-72,2412000,74:83:c2:12:9b:d8:
2023-07-17,13:43:49.759356,CTS-5GHZ.,-34,5220000,a4:85:7a:b1:05:8c:
2023-07-17,13:44:03.894345,FPT TELECOM,-51,2412000,b8:3a:5a:e5:27:82:
2023-07-17,13:44:03.894345,FPT TELECOM,-62,2412000,b8:3a:5a:e4:e2:02:
2023-07-17,13:44:03.894345,CTS-5GHZ.,-37,5220000,a4:85:7a:b1:05:8c:
2023-07-17,13:44:03.894345,FPT TELECOM,-51,2412000,b8:3a:5a:e5:27:82:
2023-07-17,13:44:03.894345,FPT TELECOM,-62,2412000,b8:3a:5a:e4:e2:02:
2023-07-17,13:44:03.894345,WUVL-VN3,-71,2412000,74:83:c2:12:9b:d8:
2023-07-17,13:44:03.894345,CTS-5GHZ.,-37,5220000,a4:85:7a:b1:05:8c:
2023-07-17,13:44:06.623153,FPT TELECOM,-65,5745000,b8:3a:5a:e5:83:d2:
2023-07-17,13:44:06.623153,FPT TELECOM,-69,2462000,b8:3a:5a:e5:83:c2:
2023-07-17,13:44:06.623153,FPT TELECOM,-51,2412000,b8:3a:5a:e5:27:82:
2023-07-17,13:44:06.623153,FPT TELECOM,-73,5180000,b8:3a:5a:e4:e2:12:
2023-07-17,13:44:06.623153,FPT TELECOM,-62,2412000,b8:3a:5a:e4:e2:02:
2023-07-17,13:44:06.623153,CTS-5GHZ.,-36,5220000,a4:85:7a:b1:05:8c:
2023-07-17,13:44:06.623153,CTS-5GHZ.,-36,5220000,a4:85:7a:b1:05:8c:
2023-07-17,13:44:06.623153,Cat Tuong Pro Max Plus,-79,5300000,d4:9a:a0:6d:28:39:
2023-07-17,13:44:06.623153,WCCVL-NH,-80,5785000,7a:45:58:80:f7:6f:
2023-07-17,13:44:06.623153,WUVL-VN3,-76,5785000,74:83:c2:12:9b:d7:
2023-07-17,13:44:06.623153,WUVL-VN3,-71,2412000,74:83:c2:12:9b:d8:
2023-07-17,13:44:06.623153,FPT TELECOM,-65,5745000,b8:3a:5a:e5:83:d2:
2023-07-17,13:44:06.623153,FPT TELECOM,-69,2462000,b8:3a:5a:e5:83:c2:
2023-07-17,13:44:06.623153,FPT TELECOM,-51,2412000,b8:3a:5a:e5:27:82:
2023-07-17,13:44:06.623153,FPT TELECOM,-73,5180000,b8:3a:5a:e4:e2:12:
2023-07-17,13:44:06.623153,FPT TELECOM,-62,2412000,b8:3a:5a:e4:e2:02:
2023-07-17,13:44:06.623153,HaleLiveF1-2.4Ghz,-76,2462000,74:83:c2:ca:ad:02:
2023-07-17,13:44:06.623153,HaleMalie_2G,-63,2437000,b0:b8:67:3b:da:20:
2023-07-17,13:44:06.623153,HaleMalie_2G,-66,2462000,38:17:c3:26:36:e0:
2023-07-17,13:44:06.623153,AX1800,-62,2427000,e8:81:75:18:44:64:
2023-07-17,13:44:06.623153,Cat Tuong,-62,2437000,d4:9a:a0:6d:28:38:
2023-07-17,13:44:06.623153,HaleMalie-Ham-Live2G,-76,2437000,80:2a:a8:41:f1:a7:
2023-07-17,13:44:14.714416,CTS-5GHZ.,-36,5220000,a4:85:7a:b1:05:8c:
2023-07-17,13:44:14.714416,WUVL-VN3,-71,2412000,74:83:c2:12:9b:d8:
2023-07-17,13:44:14.714416,CTS-5GHZ.,-36,5220000,a4:85:7a:b1:05:8c:
2023-07-17,13:46:26.694423,CTS-5GHZ.,-40,5220000,a4:85:7a:b1:05:8c:
2023-07-17,13:46:26.694423,CTS-5GHZ.,-40,5220000,a4:85:7a:b1:05:8c:
2023-07-17,13:46:29.239928,FPT TELECOM,-89,5745000,b8:3a:5a:e4:e7:f2:
2023-07-17,13:46:29.239928,FPT TELECOM,-66,5745000,b8:3a:5a:e5:83:d2:
2023-07-17,13:46:29.239928,FPT TELECOM,-78,5180000,b8:3a:5a:e4:e2:12:
2023-07-17,13:46:29.239928,CTS-5GHZ.,-40,5220000,a4:85:7a:b1:05:8c:
2023-07-17,13:46:29.239928,CTS,-53,2462000,a4:83:7a:b1:05:8c:
2023-07-17,13:46:29.239928,CTS-5GHZ.,-40,5220000,a4:85:7a:b1:05:8c:
2023-07-17,13:46:29.239928,Cat Tuong Pro Max Plus,-80,5300000,d4:9a:a0:6d:28:39:
2023-07-17,13:46:29.239928,ThatSon1,-84,5825000,06:0d:9e:17:8f:b1:
2023-07-17,13:46:29.239928,ThatSon1,-73,2462000,06:0d:9e:17:8f:b0:
2023-07-17,13:46:29.239928,WUVL-VN3,-80,5785000,74:83:c2:12:9b:d7:
2023-07-17,13:46:29.239928,WCCVL-NH,-83,5785000,7a:45:58:80:f7:6f:
2023-07-17,13:46:29.239928,FPT TELECOM,-89,5745000,b8:3a:5a:e4:e7:f2:
2023-07-17,13:46:29.239928,FPT TELECOM,-66,5745000,b8:3a:5a:e5:83:d2:
2023-07-17,13:46:29.239928,FPT TELECOM,-78,5180000,b8:3a:5a:e4:e2:12:
2023-07-17,13:46:29.239928,CTS,-53,2462000,a4:83:7a:b1:05:8c:
2023-07-17,13:46:29.239928,HaleMalie_2G,-71,2462000,38:17:c3:26:36:e0:
2023-07-17,13:46:29.239928,HaleMalie_2G,-59,2437000,b0:b8:67:3b:da:20:
2023-07-17,13:46:29.239928,HaleLiveF1-2.4Ghz,-79,2462000,74:83:c2:ca:ad:02:
2023-07-17,13:46:29.239928,PHONG DAO TAO 2.4,-75,2462000,cc:d1:83:27:95:08:
2023-07-17,13:46:29.239928,HaleMalie-Ham-Live2G,-80,2437000,80:2a:a8:41:f1:a7:
2023-07-17,13:49:47.949021,FPT TELECOM,-59,2412000,b8:3a:5a:e4:e2:02:
2023-07-17,13:49:47.949021,CTS-5GHZ.,-36,5220000,a4:85:7a:b1:05:8c:
2023-07-17,13:49:47.949021,FPT TELECOM,-59,2412000,b8:3a:5a:e4:e2:02:
2023-07-17,13:49:47.949021,WUVL-VN3,-69,2412000,74:83:c2:12:9b:d8:
2023-07-17,13:49:47.949021,CTS-5GHZ.,-36,5220000,a4:85:7a:b1:05:8c:
2023-07-18,00:09:19.350074,GOLD_5G,-38,5745000,1c:43:63:d2:03:a0:
2023-07-18,00:09:19.350074,Thanh,-65,2412000,cc:29:bd:1e:8d:43:
2023-07-18,00:09:19.350074,Thanh,-66,2412000,cc:29:bd:1e:70:a7:
2023-07-18,00:09:19.350074,Linh,-61,2412000,a8:58:40:85:f9:cc:
2023-07-18,00:09:19.350074,Khanh.Le,-78,2412000,24:43:e2:be:de:70:
2023-07-18,00:09:19.350074,GOLD_5G,-38,5745000,1c:43:63:d2:03:a0:
2023-07-18,13:41:51.643814,FPT TELECOM,-39,2412000,b8:3a:5a:e5:27:82:
2023-07-18,13:41:51.643814,CTS-5GHZ.,-51,5220000,a4:85:7a:b1:05:8c:
2023-07-18,13:41:51.643814,FPT TELECOM,-39,2412000,b8:3a:5a:e5:27:82:
2023-07-18,13:41:51.643814,WUVL-VN3,-61,2412000,74:83:c2:12:9b:d8:
2023-07-18,13:41:51.643814,CTS-5GHZ.,-51,5220000,a4:85:7a:b1:05:8c:
2023-07-18,13:41:55.321460,FPT TELECOM,-37,2412000,b8:3a:5a:e5:27:82:
2023-07-18,13:41:55.321460,CTS-5GHZ.,-49,5220000,a4:85:7a:b1:05:8c:
2023-07-18,13:41:55.321460,FPT TELECOM,-37,2412000,b8:3a:5a:e5:27:82:
2023-07-18,13:41:55.321460,WUVL-VN3,-63,2412000,74:83:c2:12:9b:d8:
2023-07-18,13:41:55.321460,CTS-5GHZ.,-49,5220000,a4:85:7a:b1:05:8c:
2023-07-18,13:42:13.430982,FPT TELECOM,-39,2412000,b8:3a:5a:e5:27:82:
2023-07-18,13:42:13.430982,CTS-5GHZ.,-50,5220000,a4:85:7a:b1:05:8c:
2023-07-18,13:42:13.430982,WUVL-VN3,-64,2412000,74:83:c2:12:9b:d8:
2023-07-18,13:42:13.430982,FPT TELECOM,-39,2412000,b8:3a:5a:e5:27:82:
2023-07-18,13:42:13.430982,CTS-5GHZ.,-50,5220000,a4:85:7a:b1:05:8c:
2023-07-18,13:42:15.929129,FPT TELECOM,-86,5745000,b8:3a:5a:e4:e7:f2:
2023-07-18,13:42:15.929129,FPT TELECOM,-67,5745000,b8:3a:5a:e5:83:d2:
2023-07-18,13:42:15.929129,FPT TELECOM,-57,2462000,b8:3a:5a:e5:83:c2:
2023-07-18,13:42:15.929129,FPT TELECOM,-39,2412000,b8:3a:5a:e5:27:82:
2023-07-18,13:42:15.929129,CTS-5GHZ.,-50,5220000,a4:85:7a:b1:05:8c:
2023-07-18,13:42:15.929129,CTS,-61,2462000,a4:83:7a:b1:05:8c:
2023-07-18,13:42:15.929129,CTS-5GHZ.,-50,5220000,a4:85:7a:b1:05:8c:
2023-07-18,13:42:15.929129,Cat Tuong Pro Max Plus,-80,5300000,d4:9a:a0:6d:28:39:
2023-07-18,13:42:15.929129,WUVL-VN3,-79,5785000,74:83:c2:12:9b:d7:
2023-07-18,13:42:15.929129,WUVL-VN3,-64,2412000,74:83:c2:12:9b:d8:
2023-07-18,13:42:15.929129,WCCVL-NH,-79,5785000,7a:45:58:80:f7:6f:
2023-07-18,13:42:15.929129,FPT TELECOM,-86,5745000,b8:3a:5a:e4:e7:f2:
2023-07-18,13:42:15.929129,FPT TELECOM,-67,5745000,b8:3a:5a:e5:83:d2:
2023-07-18,13:42:15.929129,FPT TELECOM,-57,2462000,b8:3a:5a:e5:83:c2:
2023-07-18,13:42:15.929129,FPT TELECOM,-39,2412000,b8:3a:5a:e5:27:82:
2023-07-18,13:42:15.929129,HaleMalie_2G,-65,2462000,38:17:c3:26:36:e0:
2023-07-18,13:42:15.929129,HaleMalie_2G,-62,2437000,b0:b8:67:3b:da:20:
2023-07-18,13:42:15.929129,IPhone 14 Pro,-81,2462000,fa:cc:d0:ad:03:14:
2023-07-18,13:42:15.929129,CTS,-61,2462000,a4:83:7a:b1:05:8c:
2023-07-18,13:42:15.929129,Cat Tuong,-65,2437000,d4:9a:a0:6d:28:38:
2023-07-18,15:11:43.043676,FPT TELECOM,-50,2412000,b8:3a:5a:e5:27:82:
2023-07-18,15:11:43.043676,CTS-5GHZ.,-40,5220000,a4:85:7a:b1:05:8c:
2023-07-18,15:11:43.043676,HaleMalie_2G,-80,2412000,38:17:c3:28:38:e0:
2023-07-18,15:11:43.043676,WUVL-VN3,-71,2412000,74:83:c2:12:9b:d8:
2023-07-18,15:11:43.043676,ThatSon2,-85,2412000,06:0d:9e:17:8e:40:
2023-07-18,15:11:43.043676,FPT TELECOM,-50,2412000,b8:3a:5a:e5:27:82:
2023-07-18,15:11:43.043676,CTS-5GHZ.,-40,5220000,a4:85:7a:b1:05:8c:
2023-07-18,15:11:45.885837,FPT TELECOM,-67,5745000,b8:3a:5a:e5:83:d2:
2023-07-18,15:11:45.885837,FPT TELECOM,-71,2462000,b8:3a:5a:e4:e7:e2:
2023-07-18,15:11:45.885837,FPT TELECOM,-74,5180000,b8:3a:5a:e4:e2:12:
2023-07-18,15:11:45.885837,FPT TELECOM,-50,2412000,b8:3a:5a:e5:27:82:
2023-07-18,15:11:45.885837,CTS-5GHZ.,-40,5220000,a4:85:7a:b1:05:8c:
2023-07-18,15:11:45.885837,CTS,-52,2462000,a4:83:7a:b1:05:8c:
2023-07-18,15:11:45.885837,CTS-5GHZ.,-40,5220000,a4:85:7a:b1:05:8c:
2023-07-18,15:11:45.885837,Cat Tuong Pro Max Plus,-83,5300000,d4:9a:a0:6d:28:39:
2023-07-18,15:11:45.885837,KEVIN_5G,-88,5320000,54:46:17:c8:c3:41:
2023-07-18,15:11:45.885837,WUVL-VN3,-79,5785000,74:83:c2:12:9b:d7:
2023-07-18,15:11:45.885837,WUVL-VN3,-71,2412000,74:83:c2:12:9b:d8:
2023-07-18,15:11:45.885837,OnMeeting-U8K,-88,5765000,c6:8a:cd:fd:e2:e4:
2023-07-18,15:11:45.885837,FPT TELECOM,-67,5745000,b8:3a:5a:e5:83:d2:
2023-07-18,15:11:45.885837,FPT TELECOM,-71,2462000,b8:3a:5a:e4:e7:e2:
2023-07-18,15:11:45.885837,FPT TELECOM,-74,5180000,b8:3a:5a:e4:e2:12:
2023-07-18,15:11:45.885837,FPT TELECOM,-50,2412000,b8:3a:5a:e5:27:82:
2023-07-18,15:11:45.885837,GIAU MONG TOI,-90,5745000,68:ff:7b:d8:47:4c:
2023-07-18,15:11:45.885837,MERCURY_2.4G_E045,-82,2462000,5c:de:34:7a:e0:45:
2023-07-18,15:11:45.885837,CTS,-52,2462000,a4:83:7a:b1:05:8c:
2023-07-18,15:11:45.885837,AX1800,-68,2427000,e8:81:75:18:44:64:
2023-07-18,15:11:45.885837,Ca phe Thung Phi,-85,2462000,e4:90:10:d8:62:80:
2023-07-18,15:11:45.885837,HaleMalie_2G,-70,2462000,38:17:c3:26:36:e0:
2023-07-18,15:11:45.885837,HaleMalie_2G,-65,2437000,b0:b8:67:3b:da:20:
2023-07-18,15:11:45.885837,HaleMalie_2G,-80,2412000,38:17:c3:28:38:e0:
2023-07-18,15:11:45.885837,ThatSon2,-85,2412000,06:0d:9e:17:8e:40:
2023-07-19,01:13:21.258426,C23.11,-37,2442000,30:4f:75:12:f9:68:
2023-07-19,01:13:21.258426,C23.11,-37,2442000,30:4f:75:12:f9:68:
2023-07-19,21:12:39.628030,GOLD,-31,2432000,1c:43:63:d2:03:9c:
2023-07-19,21:12:39.628030,Quynh Chi,-77,2412000,e4:ca:12:f9:81:d6:
2023-07-19,21:12:39.628030,Thanh,-63,2412000,cc:29:bd:1e:8d:43:
2023-07-19,21:12:39.628030,Thanh,-61,2412000,cc:29:bd:1e:70:a7:
2023-07-19,21:12:39.628030,Linh,-68,2412000,a8:58:40:85:f9:cc:
2023-07-19,21:12:39.628030,GOLD,-31,2432000,1c:43:63:d2:03:9c:
2023-07-19,21:25:27.990463,GOLD,-37,2432000,1c:43:63:d2:03:9c:
2023-07-19,21:25:27.990463,Thanh,-58,2412000,cc:29:bd:1e:70:a7:
2023-07-19,21:25:27.990463,Linh,-62,2412000,a8:58:40:85:f9:cc:
2023-07-19,21:25:27.990463,GOLD,-37,2432000,1c:43:63:d2:03:9c:
2023-07-19,21:25:31.565584,GOLD,-39,2432000,1c:43:63:d2:03:9c:
2023-07-19,21:25:31.565584,GOLD,-39,2432000,1c:43:63:d2:03:9c:
2023-07-19,21:25:31.565584,GOLD_5G,-39,5745000,1c:43:63:d2:03:a0:
2023-07-19,21:25:31.565584,Thanh,-45,2462000,cc:29:bd:1e:70:67:
2023-07-19,21:25:31.565584,Thanh,-66,2447000,cc:29:bd:1e:70:73:
2023-07-19,21:25:31.565584,Thanh,-68,2422000,78:96:82:ca:7b:c5:
2023-07-19,21:25:31.565584,Thanh,-58,2412000,cc:29:bd:1e:70:a7:
2023-07-19,21:25:31.565584,Chu Baby,-55,2457000,cc:71:90:04:1a:20:
2023-07-19,21:25:31.565584,Hai Hien,-70,2447000,e0:19:54:ef:ac:ab:
2023-07-19,21:25:31.565584,Phuong,-82,2427000,48:22:54:6d:2c:48:
2023-07-19,21:25:31.565584,Quynh Chi,-77,2412000,e4:ca:12:f9:81:d6:
2023-07-19,21:25:31.565584,Hai Hien_5G,-78,5240000,e0:19:54:ef:ac:ad:
2023-07-19,21:25:31.565584,NgocNgan,-84,2437000,04:20:84:39:4e:87:
2023-07-19,21:25:31.565584,Linh,-62,2412000,a8:58:40:85:f9:cc:
2023-07-19,21:26:09.163828,GOLD,-33,2432000,1c:43:63:d2:03:9c:
2023-07-19,21:26:09.163828,Thanh,-58,2412000,cc:29:bd:1e:70:a7:
2023-07-19,21:26:09.163828,Thanh,-64,2412000,cc:29:bd:1e:8d:43:
2023-07-19,21:26:09.163828,Linh,-60,2412000,a8:58:40:85:f9:cc:
2023-07-19,21:26:09.163828,GOLD,-33,2432000,1c:43:63:d2:03:9c:
2023-07-19,21:51:35.873687,GOLD,-42,2432000,1c:43:63:d2:03:9c:
2023-07-19,21:51:35.873687,Thanh,-60,2412000,cc:29:bd:1e:70:a7:
2023-07-19,21:51:35.873687,Thanh,-66,2412000,cc:29:bd:1e:8d:43:
2023-07-19,21:51:35.873687,Linh,-61,2412000,a8:58:40:85:f9:cc:
2023-07-19,21:51:35.873687,Quynh Chi,-75,2412000,e4:ca:12:f9:81:d6:
2023-07-19,21:51:35.873687,GOLD,-42,2432000,1c:43:63:d2:03:9c:
